No,物件種目,所在地,建物名/部屋番号,公開日,登録価格（万円）,坪単価（万円）,交通,土地面積（㎡）,土地権利,建ぺい率,容積率,用途地域,私道面積,私道持分,築年月,建物構造,物件構造,階建/階,取引態様,利回り,保証金,広告転載,条件等,登録会員,TEL,lat,lng
1,売地,浜松市中央区有玉台２丁目,-,2025/08/08,3980,22.31,徒歩24分,590.0,所有権,60,-,1種中高,-,-,-,-,-,-,一般,-,-,転載不可,相談,浜松損害保険サービス(株),053-459-4180,34.7623101,137.7421827
2,売地,浜松市中央区有玉台２丁目３７－１４,-,2025/07/26,3980,22.31,バス停 有玉団地 停歩5分,590.0,所有権,60,-,1種中高,-,-,-,-,-,-,一般,-,-,転載不可,更地渡し,浜北店,053-581-1124,34.7645044,137.7410455
3,売地,浜松市中央区有玉南町３９５－１,-,2025/07/30,110,7.38,徒歩5分,493.0,所有権,60,-,無指定,-,-,-,-,-,-,一般,-,-,転載不可,現況渡し,浜北店,053-581-1124,34.7567296,137.7543202
4,売地,浜松市中央区有玉南町2230,-,2025/08/01,220,26.84,徒歩10分,271.0,所有権,70,-,-,-,-,-,-,-,-,媒介,-,-,要確認,現況渡し,(株)丸玉,053-421-7360,34.7491269,137.7457413
5,売地,浜松市中央区飯田町１５９１,-,2025/07/27,5900,13.62,東海道本線 天竜川 徒歩16分,1433.0,所有権,60,-,無指定,-,-,-,-,-,-,専任,-,-,要確認,現況渡し,企画営業部,053-476-7112,34.70942369999999,137.7795151
6,売地,浜松市中央区伊左地町２４４９－１,-,2025/07/30,3500,3.77,バス停 前平バス 停歩3分,3076.0,所有権,60,-,-,-,-,-,-,-,-,専属専任,-,-,要確認,現況渡し,(有)住まいる不動産,053-437-2490,34.7430822,137.6767975
7,売地,浜松市中央区伊左地町,-,2025/08/05,5000,6.11,バス停 浜松西警察署前 停歩9分,2707.0,所有権,60,-,無指定,-,-,-,-,-,-,一般,-,-,転載不可,相談,(株)ニイノプラン,053-485-7700,34.7456974,137.6654485
8,売地,浜松市中央区石原町222,-,2025/08/03,400,2.65,バス停 びしゃ門寺 停歩5分,499.0,所有権,60,-,無指定,-,-,-,-,-,-,媒介,-,-,要確認,現況渡し,(株)山崎不動産,053-463-8713,34.6918443,137.7717718
9,売地,浜松市中央区石原町,-,2025/08/03,860,7.01,バス停 古川 停歩2分,406.0,所有権,60,-,-,-,-,-,-,-,-,媒介,-,-,転載不可,現況渡し,(株)山崎不動産,053-463-8713,34.6918443,137.7717718
10,売地,浜松市中央区泉２丁目,-,2025/08/10,1480,5.93,-,825.58,所有権,60,-,1種中高,-,-,-,-,-,-,一般,-,-,転載不可,現況渡し,センチュリー21浜松FP不動産,053-482-7444,34.7431589,137.7212337
11,売地,浜松市中央区入野町,-,2025/08/08,2980,5.35,東海道本線 高塚 徒歩16分,1843.0,所有権,60,-,無指定,-,-,-,-,-,-,一般,-,-,転載不可,現況渡し,浜松損害保険サービス(株),053-459-4180,34.698039,137.6792657
12,売地,浜松市中央区入野町,-,2025/08/09,0,40,-,578.0,所有権,40,-,1種中高,-,-,-,-,-,-,専任,-,-,要確認,現況渡し,(株)マストレ,053-448-5656,34.698039,137.6792657
13,売地,浜松市中央区瓜内町８４１,-,2025/08/09,1100,8.36,バス停 瓜内東 停歩4分,435.0,所有権,60,-,無指定,-,-,-,-,-,-,専任,-,-,要確認,現況渡し,企画営業部,053-476-7112,34.6883365,137.7354041
14,売地,浜松市中央区瓜内町323ー1,-,2025/08/08,2824,23,バス停 浜松神社 停歩8分,406.0,所有権,60,-,1種住居,-,-,-,-,-,-,一般,-,-,要確認,相談,ユタカ土地,053-425-5771,34.6914701,137.7337134
15,売地,浜松市中央区遠州浜２丁目,-,2025/08/04,2000,13.07,東海道本線 浜松 徒歩8 8分,505.93,所有権,60,-,1種中高,-,-,-,-,-,-,一般,-,-,転載不可,現況渡し,西日本・東海営業,06-6940-2893,34.6572597,137.7680723
16,売地,"浜松市中央区大島町320-1,320-2",-,2025/08/05,383,1.5,バス停 遠鉄バス・上前島バス停 停歩7分,845.0,所有権,60,-,無指定,-,-,-,-,-,-,専任,-,-,転載不可,現況渡し,アースデイ不動産,053-441-2103,34.7653152,137.7773217
17,売地,浜松市中央区大島町,-,2025/08/14,0,5,-,313.0,所有権,60,-,無指定,-,-,-,-,-,-,一般,-,-,要確認,現況渡し,高林支店,053-472-5656,34.7653152,137.7773217
18,売地,浜松市中央区大島町９９７ー２、９９８,-,2025/07/29,680,5.77,徒歩21分,390.02,所有権,60,-,無指定,-,-,-,-,-,-,一般,-,-,転載不可,更地渡し,高台店,053-437-1976,34.7682399,137.782326
19,売地,浜松市中央区大島町780-1,-,2025/08/12,18,5.01,-,514.0,所有権,60,-,-,-,-,-,-,-,-,媒介,-,-,転載不可,現況渡し,上島不動産(株),053-473-5000,34.7653152,137.7773217
20,売地,浜松市中央区大島町,-,2025/08/09,50,7.5,-,353.07,所有権,60,-,無指定,-,-,-,-,-,-,一般,-,-,要確認,現況渡し,高林支店,053-472-5656,34.7653152,137.7773217
21,売地,浜松市中央区大島町1479外 一部,-,2025/08/07,1250,8.33,バス停 上大瀬公会堂 停歩3分,496.24,所有権,60,-,無指定,-,-,-,-,-,-,一般,-,-,転載不可,現況渡し,アイエス宅建,053-434-6810,34.7653152,137.7773217
22,売地,浜松市中央区大島町,-,2025/08/12,1300,9.49,徒歩30分,453.0,所有権,60,-,-,-,-,-,-,-,-,専任,-,-,要確認,現況渡し,水嶋宅建(株),053-433-7660,34.7653152,137.7773217
23,売地,浜松市中央区大瀬町１２９０番１,-,2025/08/10,400,4.91,徒歩14分,269.5,所有権,60,-,無指定,-,-,-,-,-,-,専任,-,-,転載不可,現況渡し,高台店,053-437-1976,34.761382,137.7663269
24,売地,浜松市中央区大瀬町685-2,-,2025/07/28,850,8.52,徒歩12分,330.0,所有権,60,-,-,-,-,-,-,-,-,専任,-,-,転載不可,現況渡し,(有)エステート東海,053-433-5401,34.7592816,137.7711552
25,売地,浜松市中央区大瀬町,-,2025/08/09,0,8,-,445.0,所有権,60,-,無指定,-,-,-,-,-,-,一般,-,-,要確認,現況渡し,高林支店,053-472-5656,34.7592816,137.7711552
26,売地,浜松市中央区大塚町２０７他,-,2025/08/06,1200,1.53,バス停 緑化推進センター 停歩3分,2593.43,所有権,60,-,無指定,-,-,-,-,-,-,媒介,-,-,転載可,現況渡し,アート地建(株),053-528-7605,34.6977315,137.7896566
27,売地,浜松市中央区大原町177-2、176-1,-,2025/07/28,46,11.46,-,1831.83,所有権,60,-,-,-,-,-,-,-,-,媒介,-,-,転載不可,建築条件付,RBS(有),053-443-8578,34.7980411,137.7354591
28,売地,浜松市中央区大人見町2325-1,-,2025/08/12,0,3,-,527.0,所有権,-,-,無指定,-,-,-,-,-,-,一般,-,-,転載不可,現況渡し,(株)リデコ,053-488-4537,34.7383063,137.6510054
29,売地,浜松市中央区大平台４丁目128-7,-,2025/07/26,51,-,-,338.0,所有権,60,-,1種中高,-,-,-,-,-,-,一般,-,-,転載不可,現況渡し,(株)丸浜不動産コンサルティング,053-447-8817,34.7089652,137.6756675
30,売地,浜松市中央区大柳町842-1,-,2025/08/12,821,7,徒歩30分,905.0,所有権,60,-,無指定,-,-,-,-,-,-,一般,-,-,転載不可,現況渡し,(株)リデコ,053-488-4537,34.6772836,137.7575916
31,売地,浜松市中央区笠井上町５２１－２２,-,2025/08/01,1280,11.57,バス停 笠井北 停歩3分,365.97,所有権,60,-,1種住居,-,-,-,-,-,-,一般,-,-,転載不可,現況渡し,高台店,053-437-1976,34.7742854,137.7992768
32,売地,"浜松市中央区笠井上町373, 389-1",-,2025/08/07,1980,6,徒歩30分,1091.0,所有権,-,-,無指定,-,-,-,-,-,-,媒介,-,-,転載不可,現況渡し,(株)竹林不動産,053-433-4451,34.77619540000001,137.7989098
33,売地,浜松市中央区笠井新田町,-,2025/08/13,5,-,-,413.0,所有権,60,-,無指定,-,-,-,-,-,-,一般,-,-,要確認,現況渡し,(株)マストレ浜松医大前営業所,053-424-7747,34.7626843,137.7871894
34,売地,浜松市中央区笠井新田町２７３,-,2025/07/30,2340,25.79,バス停 俣志 停歩2分,300.0,所有権,60,-,無指定,-,-,-,-,-,-,専任,-,-,転載不可,現況渡し,浜北店,053-581-1124,34.7626843,137.7871894
35,売地,浜松市中央区笠井新田町１７８５－２,-,2025/08/09,0,25,バス停 東高校入口 停歩3分,622.12,所有権,60,-,無指定,-,-,-,-,-,-,一般,-,-,転載不可,更地渡し,高台店,053-437-1976,34.7568229,137.7800679
36,売地,浜松市中央区笠井町,-,2025/08/08,2300,21.94,徒歩30分,346.61,所有権,60,-,1種住居,-,-,-,-,-,-,一般,-,-,転載不可,更地渡し,浜松損害保険サービス(株),053-459-4180,34.7681043,137.7945914
37,売地,浜松市中央区笠井町928-9,-,2025/08/08,2500,20.78,徒歩35分,397.75,所有権,60,-,1種住居,-,-,-,-,-,-,一般,-,-,転載不可,現況渡し,浜松損害保険サービス(株),053-459-4180,34.7664803,137.7963456
38,売地,浜松市中央区金折町,-,2025/08/03,454,3.01,バス停 金折 停歩3分,500.0,所有権,60,-,取引態様,-,-,-,-,-,-,媒介,-,-,転載可,現況渡し,(株)山崎不動産,053-463-8713,34.6923125,137.7822553
39,売地,浜松市中央区金折町９９９,-,2025/08/03,49,4.49,-,367.0,所有権,60,-,-,-,-,-,-,-,-,媒介,-,-,転載不可,現況渡し,(有)ホームズ,053-455-2223,34.6923125,137.7822553
40,売地,浜松市中央区金折町999,-,2025/08/03,498,4.49,バス停 金折住吉館 停歩1分,367.0,所有権,60,-,無指定,-,-,-,-,-,-,媒介,-,-,要確認,現況渡し,(株)山崎不動産,053-463-8713,34.6923125,137.7822553
41,売地,浜松市中央区金折町611-1,-,2025/08/03,568,6.5,バス停 金折住吉館 停歩3分,289.0,所有権,60,-,無指定,-,-,-,-,-,-,媒介,-,-,要確認,現況渡し,(株)山崎不動産,053-463-8713,34.6923125,137.7822553
42,売地,浜松市中央区金折町78-1,-,2025/08/03,38,6.38,-,311.0,所有権,70,-,-,-,-,-,-,-,-,媒介,-,-,転載不可,現況渡し,(有)ホームズ,053-455-2223,34.6923125,137.7822553
43,売地,浜松市中央区金折町78-1,-,2025/08/03,600,6.38,バス停 びしゃ門寺 停歩6分,311.0,所有権,60,-,無指定,-,-,-,-,-,-,媒介,-,-,要確認,現況渡し,(株)山崎不動産,053-463-8713,34.6923125,137.7822553
44,売地,浜松市中央区金折町609,-,2025/08/03,783,5.81,バス停 金折住吉館 停歩3分,446.0,所有権,60,-,無指定,-,-,-,-,-,-,媒介,-,-,要確認,現況渡し,(株)山崎不動産,053-463-8713,34.6923125,137.7822553
45,売地,浜松市中央区上浅田２丁目,-,2025/08/06,52,-,-,358.0,所有権,60,-,1種住居,-,-,-,-,-,-,専任,-,-,要確認,相談,(株)マストレ,053-448-5656,34.6945111,137.7298587
46,売地,浜松市中央区上石田町2178-2,-,2025/07/30,79,20.79,バス停 上石田西 停歩4分,650.71,所有権,60,-,無指定,-,-,-,-,-,-,専任,-,-,転載不可,現況渡し,上島不動産(株),053-473-5000,34.7503458,137.7819481
47,売地,浜松市中央区上島６丁目2680-9,-,2025/08/02,1950,19.19,徒歩10分,336.0,所有権,60,-,2種住居,-,-,-,-,-,-,専任,-,-,転載不可,現況渡し,センチュリー21中央不動産浜松店,053-584-0021,34.7439861,137.737869
48,売地,浜松市中央区上島６丁目１３－１０,-,2025/08/13,330,28.78,徒歩15分,379.14,所有権,60,-,1種中高,-,-,-,-,-,-,専任,-,-,転載不可,相談,高台店,053-437-1976,34.7405048,137.7356526
49,売地,浜松市中央区神田町957,-,2025/08/02,2500,5.94,ＪＲ東海道新幹線 浜松 徒歩34分,361.0,所有権,60,-,無指定,-,-,-,-,-,-,一般,-,-,転載可,現況渡し,(株)Paddle,053-482-7733,34.6865976,137.7206176
50,売地,浜松市中央区鴨江４丁目22-26,-,2025/08/01,2230,17.2,徒歩21分,428.81,所有権,60,-,1種中高,-,-,-,-,-,-,一般,-,-,要確認,更地渡し,(株)アスティア,053-543-9988,34.7071007,137.7186215
51,売地,浜松市中央区鴨江４丁目22-10,-,2025/08/10,30,-,-,451.67,所有権,60,-,1種中高,-,-,-,-,-,-,一般,-,-,転載不可,現況渡し,SMD不動産(株),053-401-4235,34.7070674,137.7188388
52,売地,浜松市中央区鴨江４丁目21-6,-,2025/08/01,76,18.76,-,701.58,所有権,60,-,1種中高,-,-,-,-,-,-,一般,-,-,要確認,現況渡し,(株)創継コンサルタンツ,053-545-7450,34.7065837,137.7192728
53,売地,浜松市中央区河輪町260,-,2025/08/03,240,3,バス停 河輪 停歩4分,264.47,所有権,60,-,無指定,-,-,-,-,-,-,媒介,-,-,転載可,現況渡し,(株)山崎不動産,053-463-8713,34.6745298,137.7859558
54,売地,浜松市中央区河輪町字村東３９２－２,-,2025/08/13,680,5.54,バス停 河輪 停歩6分,406.0,所有権,60,-,無指定,-,-,-,-,-,-,一般,-,-,転載不可,現況渡し,(株)不動産のおかもと,053-443-2000,34.6745298,137.7859558
55,売地,浜松市中央区河輪町126-1,-,2025/08/03,850,3.21,バス停 河輪 停歩2分,326.0,所有権,60,-,無指定,-,-,-,-,-,-,一般,-,-,転載可,現況渡し,(株)山崎不動産,053-463-8713,34.6780467,137.7854358
56,売地,浜松市中央区河輪町48-1,-,2025/08/13,2580,6.34,-,1346.46,所有権,70,-,-,-,-,-,-,-,-,一般,-,-,要確認,現況渡し,(株)Re・lation,053-523-6715,34.6787406,137.7869436
57,売地,浜松市中央区舘山寺町,-,2025/08/04,11,5.11,-,317.0,所有権,60,-,1種住居,-,-,-,-,-,-,専任,-,-,要確認,現況渡し,(株)マストレ,053-448-5656,34.7648184,137.6135392
58,売地,浜松市中央区舘山寺町,-,2025/08/04,780,3.15,-,819.17,所有権,60,-,1種住居,-,-,-,-,-,-,一般,-,-,転載不可,更地渡し,Smife浜松西支店,053-449-7111,34.7648184,137.6135392
59,売地,浜松市中央区舘山寺町２４６３－１,-,2025/08/14,1690,8.18,バス停 舘山寺南 停歩2分,683.62,所有権,60,-,1種住居,-,-,-,-,-,-,一般,-,-,転載不可,更地渡し,企画営業部,053-476-7112,34.76036010000001,137.6133486
60,売地,浜松市中央区舘山寺町2033-1,-,2025/07/28,2300,13.67,バス停 舘山寺温泉停留所 停歩1分,556.37,所有権,80,-,商業地域,-,-,-,-,-,-,媒介,-,-,転載不可,更地渡し,都市開発(株),053-488-6868,34.7642966,137.6143364
61,売地,浜松市中央区舘山寺町,-,2025/07/26,67,13.67,-,556.37,所有権,80,-,商業地域,-,-,-,-,-,-,一般,-,-,要確認,更地渡し,(株)マストレ浜松医大前営業所,053-424-7747,34.7648184,137.6135392
62,売地,浜松市中央区貴平町439,-,2025/08/07,0,7,-,790.0,所有権,60,-,無指定,-,-,-,-,-,-,媒介,-,-,転載不可,現況渡し,(株)竹林不動産,053-433-4451,34.7561144,137.7958252
63,売地,浜松市中央区呉松町,-,2025/08/13,15,-,-,342.06,所有権,60,-,無指定,-,-,-,-,-,-,一般,-,-,要確認,更地渡し,高林支店,053-472-5656,34.7732281,137.6332155
64,売地,浜松市中央区小池町2780，2781，2782,-,2025/08/02,1193,9.01,徒歩11分,438.0,所有権,60,-,無指定,-,-,-,-,-,-,一般,-,-,転載不可,更地渡し,(有)金原物産,0538-24-7024,34.7484403,137.7563588
65,売地,浜松市中央区小池町,-,2025/08/03,17,-,-,439.28,所有権,60,-,無指定,-,-,-,-,-,-,専任,-,-,要確認,更地渡し,高林支店,053-472-5656,34.7484403,137.7563588
66,売地,浜松市中央区御給町180,-,2025/08/03,2345,5,バス停 御給 停歩4分,1551.0,所有権,60,-,無指定,-,-,-,-,-,-,媒介,-,-,転載不可,現況渡し,(株)山崎不動産,053-463-8713,34.675999,137.7693054
67,売地,浜松市中央区小沢渡町,-,2025/08/08,7,-,-,307.32,所有権,60,-,無指定,-,-,-,-,-,-,専任,-,-,転載不可,現況渡し,(株)三キュウ,053-489-9937,34.6789181,137.6812072
68,売地,浜松市中央区小沢渡町,-,2025/08/08,43,11.43,-,347.09,所有権,60,-,無指定,-,-,-,-,-,-,売主,-,-,転載不可,更地渡し,(株)三キュウ,053-489-9937,34.6789181,137.6812072
69,売地,浜松市中央区小沢渡町,-,2025/08/01,3,-,-,546.0,所有権,60,-,無指定,-,-,-,-,-,-,一般,-,-,要確認,現況渡し,(株)マストレ,053-448-5656,34.6789181,137.6812072
70,売地,浜松市中央区湖東町２７２６－３,-,2025/08/01,980,4.23,バス停 大平西 停歩2分,766.39,所有権,60,-,無指定,-,-,-,-,-,-,一般,-,-,転載不可,更地渡し,高台店,053-437-1976,34.7686902,137.6799184
71,売地,浜松市中央区湖東町1169-32,-,2025/08/01,1570,18.24,-,284.58,所有権,60,-,-,-,-,-,-,-,-,媒介,-,-,要確認,更地渡し,(株)丸玉,053-421-7360,34.7619932,137.6704046
72,売地,浜松市中央区古人見町,-,2025/07/27,0,5,-,443.7,所有権,60,-,無指定,-,-,-,-,-,-,一般,-,-,要確認,更地渡し,(株)マストレ,053-448-5656,34.7256898,137.6282957
73,売地,浜松市中央区古人見町,-,2025/08/10,67,14.67,-,268.31,所有権,60,-,無指定,-,-,-,-,-,-,一般,-,-,要確認,更地渡し,高林支店,053-472-5656,34.7256898,137.6282957
74,売地,浜松市中央区子安町,-,2025/07/31,2300,27.26,東海道本線 天竜川 徒歩30分,279.02,所有権,60,-,準住居,-,-,-,-,-,-,一般,-,-,要確認,現況渡し,浜松仲介チーム,053-451-0525,34.71207560000001,137.76314
75,売地,浜松市中央区幸２丁目260-137、260-138,-,2025/08/07,1998,14.39,徒歩17分,459.06,所有権,40,-,1種住居,-,-,-,-,-,-,媒介,-,-,転載不可,更地渡し,REコンサルタント静岡(株),053-489-6088,34.7382584,137.731091
76,売地,浜松市中央区幸２丁目285-3,-,2025/08/12,2500,12.62,徒歩18分,655.0,所有権,60,-,1種中高,-,-,-,-,-,-,専任,-,-,要確認,現況渡し,水嶋宅建(株),053-433-7660,34.7382584,137.731091
77,売地,浜松市中央区幸３丁目７－１,-,2025/08/03,2980,28.12,バス停 幸中 停歩5分,350.41,所有権,30,-,1種低層,-,-,-,-,-,-,専任,-,-,転載不可,現況渡し,高台店,053-437-1976,34.7408031,137.7294963
78,売地,浜松市中央区篠ケ瀬町,-,2025/07/31,2150,26.33,東海道本線 天竜川 徒歩22分,270.0,所有権,80,-,近隣商業,-,-,-,-,-,-,一般,-,-,要確認,現況渡し,浜松仲介チーム,053-451-0525,34.7278635,137.774855
79,売地,浜松市中央区佐藤３丁目105,-,2025/08/13,31,-,-,318.4,所有権,60,-,1種住居,-,-,-,-,-,-,専属専任,-,-,転載不可,相談,(株)オフィスSANO,053-522-8320,34.7136614,137.7508111
80,売地,浜松市中央区佐鳴台１丁目９－２２,-,2025/08/09,2980,28.48,東海道本線 高塚 徒歩37分,346.0,所有権,60,-,1種中高,-,-,-,-,-,-,媒介,-,-,転載可,現況渡し,(株)オオスミ不動産,053-466-1234,34.7037018,137.7014028
81,売地,浜松市中央区参野町334,-,2025/08/08,2760,22.93,バス停 芳川西 停歩5分,398.0,所有権,60,-,1種住居,-,-,-,-,-,-,一般,-,-,要確認,相談,ユタカ土地,053-425-5771,34.6923863,137.7569752
82,売地,浜松市中央区鹿谷町,-,2025/08/10,3000,16.69,バス停 鹿谷町 停歩4分,594.56,所有権,60,-,2種住居,-,-,-,-,-,-,一般,-,-,転載不可,相談,あららぎ不動産(株),053-464-5557,34.7158665,137.7212337
83,売地,浜松市中央区鹿谷町19,-,2025/08/01,3000,16.69,ＪＲ東海道新幹線 浜松 徒歩27分,594.56,所有権,60,-,2種住居,-,-,-,-,-,-,一般,-,-,転載不可,現況渡し,藤枝店,054-639-9816,34.7160299,137.7226197
84,売地,浜松市中央区蜆塚１丁目,-,2025/08/03,82,9.82,-,566.09,所有権,60,-,1種中高,-,-,-,-,-,-,専任,-,-,要確認,現況渡し,(株)マストレ,053-448-5656,34.7121954,137.71261
85,売地,浜松市中央区志都呂１丁目,-,2025/08/06,4,-,-,310.64,所有権,60,-,1種住居,-,-,-,-,-,-,媒介,-,-,転載不可,現況渡し,(株)吉田不動産,053-592-3131,34.6978142,137.661513
86,売地,浜松市中央区志都呂町300-16,-,2025/07/28,96,5.72,徒歩歩3322分,347.49,所有権,60,-,1種中高,-,-,-,-,-,-,一般,-,-,転載不可,更地渡し,(株)セカイエ,053-581-8300,34.7013923,137.6562196
87,売地,浜松市中央区篠原町,-,2025/08/14,0,12,-,708.55,所有権,60,-,1種住居,-,-,-,-,-,-,一般,-,-,要確認,現況渡し,(株)マストレ企画営業所,053-401-3456,34.6858129,137.6708537
88,売地,浜松市中央区下飯田町9,-,2025/08/06,99,10.99,徒歩歩2288分,295.0,所有権,60,-,無指定,-,-,-,-,-,-,媒介,-,-,転載不可,現況渡し,(株)セカイエ,053-581-8300,34.7030158,137.7816565
89,売地,浜松市中央区下江町,-,2025/08/03,783,7,バス停 下江町 停歩5分,370.0,所有権,60,-,-,-,-,-,-,-,-,媒介,-,-,転載不可,現況渡し,(株)山崎不動産,053-463-8713,34.6799378,137.7705386
90,売地,浜松市中央区下江町,-,2025/08/03,919,8,バス停 南陽公民館 停歩4分,380.0,所有権,60,-,-,-,-,-,-,-,-,媒介,-,-,転載不可,現況渡し,(株)山崎不動産,053-463-8713,34.6799378,137.7705386
91,売地,浜松市中央区常光町277,-,2025/08/07,1300,9.35,-,460.05,所有権,60,-,無指定,-,-,-,-,-,-,媒介,-,-,転載不可,現況渡し,(株)竹林不動産,053-433-4451,34.7549666,137.8046476
92,売地,浜松市中央区白羽町419番の一部,-,2025/08/06,432,4.51,バス停 遠鉄バス・浜松南病院バス停 停歩4分,322.08,所有権,60,-,無指定,-,-,-,-,-,-,専任,-,-,転載不可,相談,アースデイ不動産,053-441-2103,34.6808954,137.7366365
93,売地,浜松市中央区白羽町,-,2025/08/05,980,10,バス停 すずかけセントラル病院 停歩11分,324.0,所有権,60,-,無指定,-,-,-,-,-,-,専任,-,-,転載不可,相談,あららぎ不動産(株),053-464-5557,34.6808954,137.7366365
94,売地,浜松市中央区白羽町775,-,2025/08/04,1200,11.88,バス停 貝まぐり 停歩5分,334.0,所有権,60,-,-,-,-,-,-,-,-,一般,-,-,転載不可,現況渡し,(株)クレイドル,053-424-9966,34.6808954,137.7366365
95,売地,浜松市中央区白羽町,-,2025/08/08,1380,9.13,バス停 貝まぐり 停歩7分,500.0,所有権,60,-,無指定,-,-,-,-,-,-,専任,-,-,転載不可,相談,あららぎ不動産(株),053-464-5557,34.6808954,137.7366365
96,売地,浜松市中央区白羽町418-1,-,2025/08/04,1380,13.42,バス停 遠鉄バス・大畑バス停 停歩5分,339.99,所有権,60,-,無指定,-,-,-,-,-,-,一般,-,-,転載不可,更地渡し,アースデイ不動産,053-441-2103,34.6808492,137.7376077
97,売地,浜松市中央区白羽町2424,-,2025/08/12,1423,8.01,-,588.0,所有権,60,-,2種中高,-,-,-,-,-,-,専任,-,-,要確認,更地渡し,(株)リデコ,053-488-4537,34.6808954,137.7366365
98,売地,浜松市中央区住吉３丁目,-,2025/08/14,0,40,-,294.9,所有権,80,-,近隣商業,-,-,-,-,-,-,専任,-,-,要確認,現況渡し,高林支店,053-472-5656,34.7344987,137.7249299
99,売地,浜松市中央区積志町９３６－３,-,2025/08/04,480,5.61,徒歩9分,283.0,所有権,60,-,無指定,-,-,-,-,-,-,一般,-,-,転載不可,現況渡し,浜北店,053-581-1124,34.7674899,137.7681955
100,売地,浜松市中央区積志町３１－３,-,2025/08/04,500,5.01,バス停 大島町 停歩10分,330.0,所有権,60,-,無指定,-,-,-,-,-,-,専任,-,-,転載不可,現況渡し,浜北店,053-581-1124,34.7679446,137.7674557
101,売地,浜松市中央区早出町１０４１－３,-,2025/08/12,2500,29.31,徒歩8分,282.0,所有権,60,-,1種住居,-,-,-,-,-,-,専任,-,-,転載不可,更地渡し,事業用不動産流通グループ,053-488-8811,34.7330011,137.7461614
102,売地,浜松市中央区増楽町1546,-,2025/08/07,220,19.92,東海道本線 高塚 徒歩21分,365.1,所有権,60,-,1種住居,-,-,-,-,-,-,媒介,-,-,要確認,更地渡し,(株)丸玉,053-421-7360,34.6931506,137.6947094
103,売地,浜松市中央区高塚町4667-4,-,2025/08/01,2800,29.35,東海道本線 高塚 徒歩5分,315.46,所有権,60,-,2種住居,-,-,-,-,-,-,媒介,-,-,要確認,現況渡し,(株)丸玉,053-421-7360,34.6876464,137.6817362
104,売地,"浜松市中央区田尻町200,201,202",-,2025/08/01,18000,18.95,バス停 田尻橋 停歩2分,3141.0,所有権,60,-,-,-,-,-,-,-,-,媒介,-,-,転載不可,更地渡し,とぴあ浜松農業協同組合不動産センター有玉店,053-476-3152,34.6671652,137.7230818
105,売地,浜松市中央区立野町,-,2025/08/03,99,6.99,バス停 古川 停歩4分,329.49,所有権,60,-,-,-,-,-,-,-,-,媒介,-,-,要確認,現況渡し,(株)山崎不動産,053-463-8713,34.6868933,137.774855
106,売地,浜松市中央区鶴見町,-,2025/08/14,0,10,-,320.95,所有権,60,-,無指定,-,-,-,-,-,-,一般,-,-,要確認,相談,(株)マストレ浜松医大前営業所,053-424-7747,34.7105948,137.7958252
107,売地,浜松市中央区寺脇町1527,-,2025/08/10,680,6.99,バス停 寺脇南 停歩1分,322.0,所有権,60,-,無指定,-,-,-,-,-,-,媒介,-,-,転載可,現況渡し,(株)旭ビジョン,053-458-1355,34.6799213,137.7477294
108,売地,浜松市中央区寺脇町,-,2025/08/07,1,-,-,400.0,所有権,60,-,無指定,-,-,-,-,-,-,専任,-,-,転載不可,相談,Smife浜松西支店,053-449-7111,34.6799213,137.7477294
109,売地,浜松市中央区天王町522-2,-,2025/08/04,450,4.43,徒歩36分,335.88,所有権,-,-,取引態様,-,-,-,-,-,-,媒介,-,-,転載不可,相談,(株)にわとり不動産,053-569-1122,34.7365309,137.7711552
110,売地,浜松市中央区富塚町１６１８－１２３,-,2025/07/27,1580,16.53,バス停 うさぎ橋 停歩9分,316.16,所有権,50,-,1種低層,-,-,-,-,-,-,専任,-,-,転載不可,更地渡し,浜松店,053-471-0202,34.7307852,137.7043642
111,売地,浜松市中央区富塚町,-,2025/08/06,49,15.49,-,384.29,所有権,40,-,無指定,-,-,-,-,-,-,一般,-,-,要確認,相談,高林支店,053-472-5656,34.7232056,137.6988992
112,売地,浜松市中央区富塚町2132-187,-,2025/08/08,1900,21.69,東海道本線 浜松 徒歩70分,289.61,所有権,60,-,1種住居,-,-,-,-,-,-,一般,-,-,転載不可,更地渡し,浜松損害保険サービス(株),053-459-4180,34.7287061,137.6929291
113,売地,浜松市中央区富塚町358-8,-,2025/07/28,1908,5,バス停 浜松聖星高校 停歩6分,1262.0,所有権,60,-,1種中高,-,-,-,-,-,-,媒介,-,-,転載不可,相談,(株)プラス,053-478-5511,34.7160981,137.7035602
114,売地,浜松市中央区富塚町2236-1,-,2025/08/02,1990,18.66,-,14.23,所有権,50,-,1種低層,-,-,-,-,-,-,専任,-,-,転載不可,-,SKY(株),053-414-2100,34.7229588,137.696136
115,売地,浜松市中央区富塚町字古平2647,-,2025/08/07,2135,7.01,バス停 安座 停歩5分,1008.0,所有権,30,-,無指定,-,-,-,-,-,-,媒介,-,-,転載不可,相談,あきやま不動産(株),053-437-7330,34.7232056,137.6988992
116,売地,浜松市中央区富塚町3412-3,-,2025/07/28,2460,25,バス停 富塚停 停歩6分,325.31,所有権,60,-,1種低層,-,-,-,-,-,-,媒介,-,-,転載不可,相談,(株)プラス,053-478-5511,34.7277064,137.7010912
117,売地,浜松市中央区富塚町130-22,-,2025/08/06,4280,38.01,バス停 おかめ坂 停歩6分,372.32,所有権,50,-,1種低層,-,-,-,-,-,-,専任,-,-,要確認,更地渡し,アンセット・リアルティ(株),053-452-6520,34.7220367,137.7073581
118,売地,浜松市中央区富塚町,-,2025/07/29,5,-,-,7536.0,所有権,30,-,1種低層,-,-,-,-,-,-,専任,-,-,転載可,現況渡し,(同)楽毅,053-443-7577,34.7232056,137.6988992
119,売地,浜松市中央区豊岡町２７－２６,-,2025/08/03,3,-,-,288.26,所有権,60,-,取引態様,-,-,-,-,-,-,専属専任,-,-,転載不可,更地渡し,(有)ホームズ,053-455-2223,34.787516,137.722872
120,売地,浜松市中央区豊岡町１０７,-,2025/07/30,3500,4.95,バス停 染地台二丁目 停歩12分,2340.0,所有権,60,-,無指定,-,-,-,-,-,-,専任,-,-,転載不可,現況渡し,浜北店,053-581-1124,34.7898112,137.7280104
121,売地,浜松市中央区豊西町520,-,2025/08/07,430,5.81,徒歩11分,440.0,所有権,60,-,無指定,-,-,-,-,-,-,媒介,-,-,転載不可,現況渡し,(株)竹林不動産,053-433-4451,34.759947,137.8155695
122,売地,浜松市中央区中郡町,-,2025/07/30,780,9.05,徒歩13分,285.2,所有権,60,-,無指定,-,-,-,-,-,-,一般,-,-,要確認,現況渡し,(株)マストレ,053-448-5656,34.772575,137.7810219
123,売地,浜松市中央区中郡町,-,2025/08/07,1150,7.61,徒歩13分,499.99,所有権,60,-,無指定,-,-,-,-,-,-,一般,-,-,要確認,現況渡し,高林支店,053-472-5656,34.772575,137.7810219
124,売地,浜松市中央区中里町９５４－１,-,2025/07/27,860,9.81,バス停 松小池 停歩7分,290.0,所有権,60,-,無指定,-,-,-,-,-,-,専任,-,-,転載不可,現況渡し,浜北店,053-581-1124,34.7372952,137.797059
125,売地,浜松市中央区中沢町40-8,-,2025/08/03,1980,22.42,徒歩16分,291.99,所有権,60,-,2種中高,-,-,-,-,-,-,専属専任,-,-,要確認,現況渡し,(株)一葉,0794-43-5258,34.7216524,137.7268913
126,売地,浜松市中央区中島４丁目23-8,-,2025/07/28,2964,33,バス停 領家西 停歩2分,296.98,所有権,60,-,1種住居,-,-,-,-,-,-,媒介,-,-,転載不可,相談,(株)プラス,053-478-5511,34.6952792,137.7495492
127,売地,浜松市中央区中田島町820,-,2025/07/28,229,1.01,バス停 新崎裏 停歩7分,756.0,所有権,-,-,取引態様,-,-,-,-,-,-,媒介,-,-,転載不可,相談,(株)プラス,053-478-5511,34.6647823,137.7415664
128,売地,浜松市中央区中田島町851,-,2025/07/28,261,1,バス停 新崎裏 停歩9分,863.0,所有権,-,-,無指定,-,-,-,-,-,-,媒介,-,-,転載不可,相談,(株)プラス,053-478-5511,34.6647823,137.7415664
129,売地,浜松市中央区中田島町854,-,2025/07/28,743,1.01,バス停 新崎裏 停歩9分,2456.0,所有権,-,-,無指定,-,-,-,-,-,-,媒介,-,-,転載不可,相談,(株)プラス,053-478-5511,34.6647823,137.7415664
130,売地,浜松市中央区中田町,-,2025/08/08,2150,7.95,徒歩20分,895.0,所有権,60,-,無指定,-,-,-,-,-,-,一般,-,-,転載不可,現況渡し,浜松損害保険サービス(株),053-459-4180,34.7364528,137.7575916
131,売地,浜松市中央区中野町３２４３,-,2025/08/07,400,3.46,-,383.0,所有権,60,-,無指定,-,-,-,-,-,-,媒介,-,-,転載不可,更地渡し,(株)竹林不動産,053-433-4451,34.7375483,137.8056964
132,売地,浜松市中央区中野町3054番1,-,2025/08/02,600,5.82,-,341.0,所有権,60,-,無指定,-,-,-,-,-,-,一般,-,-,転載不可,現況渡し,センチュリー21中央不動産磐田店,0538-39-0500,34.7390533,137.8013408
133,売地,浜松市中央区西伊場町,-,2025/07/26,0,45,-,461.46,所有権,60,-,1種中高,-,-,-,-,-,-,一般,-,-,要確認,相談,高林支店,053-472-5656,34.700781,137.7058353
134,売地,浜松市中央区西丘町,-,2025/08/08,625,4.98,東海道本線 浜松 徒歩99分,415.0,所有権,60,-,無指定,-,-,-,-,-,-,一般,-,-,転載不可,更地渡し,浜松損害保険サービス(株),053-459-4180,34.7711782,137.6922884
135,売地,浜松市中央区西ケ崎町３４４‐１,-,2025/08/04,400,4.1,徒歩9分,323.0,所有権,60,-,無指定,-,-,-,-,-,-,一般,-,-,転載不可,更地渡し,浜北店,053-581-1124,34.7747678,137.7674557
136,売地,浜松市中央区西ケ崎町344-1,-,2025/07/31,400,4.1,徒歩9分,323.0,所有権,60,-,取引態様,-,-,-,-,-,-,媒介,-,-,要確認,現況渡し,(株)アスティア,053-543-9988,34.7747678,137.7674557
137,売地,浜松市中央区西ケ崎町1022外2筆,-,2025/08/04,7,-,徒歩5分,336.0,所有権,60,-,-,-,-,-,-,-,-,媒介,-,-,転載不可,更地渡し,(有)天商,053-436-6708,34.7747678,137.7674557
138,売地,浜松市中央区西ケ崎町1194,-,2025/08/07,800,5.33,徒歩11分,497.0,所有権,60,-,-,-,-,-,-,-,-,媒介,-,-,要確認,現況渡し,浜日商事(株),053-545-5488,34.7747678,137.7674557
139,売地,浜松市中央区西ケ崎町７４５－１,-,2025/08/10,2010,12,バス停 小松南（静岡県） 停歩13分,553.91,所有権,60,-,無指定,-,-,-,-,-,-,専任,-,-,転載不可,更地渡し,浜松店,053-471-0202,34.7767324,137.7722973
140,売地,浜松市中央区西ケ崎町1062,-,2025/08/12,1,-,徒歩13分,979.0,所有権,60,-,-,-,-,-,-,-,-,媒介,-,-,要確認,現況渡し,上島不動産(株),053-473-5000,34.7747678,137.7674557
141,売地,浜松市中央区西ケ崎町441,-,2025/07/30,1,-,徒歩11分,1046.0,所有権,60,-,-,-,-,-,-,-,-,媒介,-,-,転載不可,現況渡し,上島不動産(株),053-473-5000,34.7747678,137.7674557
142,売地,浜松市中央区西町513,-,2025/08/03,472,5.01,バス停 西町 停歩5分,312.0,所有権,60,-,無指定,-,-,-,-,-,-,媒介,-,-,転載不可,現況渡し,(株)山崎不動産,053-463-8713,34.6844349,137.7797884
143,売地,浜松市中央区西町,-,2025/08/09,25,4.25,-,459.24,所有権,60,-,無指定,-,-,-,-,-,-,一般,-,-,要確認,現況渡し,高林支店,053-472-5656,34.6844349,137.7797884
144,売地,浜松市中央区西山町765-1,-,2025/08/05,495,3.32,バス停 西山 停歩7分,494.0,所有権,60,-,-,-,-,-,-,-,-,媒介,-,-,転載不可,更地渡し,(有)大西屋,053-585-3401,34.7411542,137.6884973
145,売地,浜松市中央区西山町765-4,-,2025/08/07,575,4.13,バス停 西山 停歩6分,461.0,所有権,60,-,-,-,-,-,-,-,-,媒介,-,-,転載不可,更地渡し,(有)大西屋,053-585-3401,34.7411542,137.6884973
146,売地,浜松市中央区西山町223-1 223-4,-,2025/08/06,0,5,-,394.0,所有権,60,-,無指定,-,-,-,-,-,-,専任,-,-,要確認,現況渡し,(株)吉田不動産,053-592-3131,34.708498,137.7290402
147,売地,浜松市中央区西山町,-,2025/08/12,68,7.68,-,377.0,所有権,60,-,無指定,-,-,-,-,-,-,一般,-,-,要確認,現況渡し,(株)マストレ企画営業所,053-401-3456,34.7411542,137.6884973
148,売地,浜松市中央区西山町2029-1,-,2025/07/30,0,10,-,301.89,所有権,60,-,無指定,-,-,-,-,-,-,売主,-,-,転載不可,現況渡し,SMD不動産(株),053-401-4235,34.74148479999999,137.6846567
149,売地,浜松市中央区西山町２４４７－１,-,2025/08/07,2160,3,バス停 神田原 停歩3分,2382.0,所有権,-,-,無指定,-,-,-,-,-,-,媒介,-,-,要確認,現況渡し,あきやま不動産(株),053-437-7330,34.7411542,137.6884973
150,売地,浜松市中央区新橋町,-,2025/07/29,22,8.22,-,307.16,所有権,60,-,無指定,-,-,-,-,-,-,一般,-,-,要確認,更地渡し,(株)マストレ,053-448-5656,34.681355,137.7082987
151,売地,浜松市中央区新橋町,-,2025/07/29,31,8.31,-,394.0,所有権,60,-,無指定,-,-,-,-,-,-,一般,-,-,要確認,現況渡し,(株)マストレ,053-448-5656,34.681355,137.7082987
152,売地,浜松市中央区新橋町,-,2025/08/08,79,6.79,-,487.0,所有権,60,-,無指定,-,-,-,-,-,-,専任,-,-,転載不可,現況渡し,(株)三キュウ,053-489-9937,34.681355,137.7082987
153,売地,浜松市中央区布橋２丁目,-,2025/08/07,2100,26.14,バス停 さいが崖 停歩3分,47.96,所有権,60,-,1種住居,-,-,-,-,-,-,専任,-,-,転載不可,-,あきやま不動産(株),053-437-7330,34.7205924,137.7163057
154,売地,浜松市中央区根洗町1558の一部,-,2025/08/04,8,-,バス停 別所 停歩2分,472.03,所有権,60,-,-,-,-,-,-,-,-,媒介,-,-,転載不可,更地渡し,(有)天商,053-436-6708,34.798104,137.7021403
155,売地,浜松市中央区根洗町1401,-,2025/07/26,3393,8.01,バス停 静光園 停歩10分,1402.0,所有権,60,-,-,-,-,-,-,-,-,一般,-,-,転載不可,現況渡し,(株)丸浜不動産コンサルティング,053-447-8817,34.798104,137.7021403
156,売地,浜松市中央区根洗町,-,2025/08/05,41,11.41,-,1020.6,所有権,70,-,無指定,-,-,-,-,-,-,一般,-,-,要確認,更地渡し,(株)マストレ,053-448-5656,34.798104,137.7021403
157,売地,浜松市中央区根洗町,-,2025/08/05,5000,12.83,バス停 三方原墓園 停歩4分,1289.0,所有権,60,-,無指定,-,-,-,-,-,-,専任,-,-,転載不可,相談,(株)ニイノプラン,053-485-7700,34.798104,137.7021403
158,売地,浜松市中央区法枝町,-,2025/08/12,2,-,-,401.0,所有権,60,-,無指定,-,-,-,-,-,-,専任,-,-,要確認,現況渡し,(株)マストレ,053-448-5656,34.6673447,137.7181536
159,売地,浜松市中央区萩丘３丁目14-3 付近,-,2025/08/11,1598,16.13,バス停 遠鉄バス「萩丘坂上」停 停歩3分,327.58,所有権,60,-,1種住居,-,-,-,-,-,-,売主,-,-,転載不可,建築条件付,(株)ベスト・ハウジング,053-474-6252,34.7493906,137.7332825
160,売地,浜松市中央区初生町,-,2025/07/27,0,10,-,292.0,所有権,60,-,無指定,-,-,-,-,-,-,専任,-,-,要確認,現況渡し,(株)マストレ,053-448-5656,34.7676897,137.7267782
161,売地,浜松市中央区初生町,-,2025/07/26,81,22.81,-,326.18,所有権,60,-,無指定,-,-,-,-,-,-,一般,-,-,要確認,現況渡し,(株)マストレ,053-448-5656,34.7676897,137.7267782
162,売地,浜松市中央区初生町,-,2025/08/06,330,22.81,-,478.36,所有権,60,-,無指定,-,-,-,-,-,-,一般,-,-,転載不可,更地渡し,Smife浜松西支店,053-449-7111,34.7676897,137.7267782
163,売地,浜松市中央区初生町１４０８－４,-,2025/07/26,3400,23.5,バス停 北星中学入口停 停歩4分,141.0,所有権,60,-,無指定,-,-,-,-,-,-,一般,-,-,転載不可,-,高台店,053-437-1976,34.7718975,137.7163538
164,売地,浜松市中央区花川町375番1,-,2025/08/01,200,0.46,バス停 遠鉄バス 花川小学校停 停歩8分,1448.0,所有権,-,-,無指定,-,-,-,-,-,-,媒介,-,-,要確認,現況渡し,坂口不動産事務所,053-437-3154,34.777557,137.6885944
165,売地,"浜松市中央区花川町459-1,759-2,758",-,2025/08/04,864,9.9,徒歩112分,288.61,所有権,60,-,無指定,-,-,-,-,-,-,媒介,-,-,転載不可,現況渡し,クレスエステート(株),053-488-5910,34.777557,137.6885944
166,売地,浜松市中央区花川町755他3筆,-,2025/08/12,50,7.5,バス停 高台線・東山苑前 停歩2分,424.55,所有権,50,-,取引態様,-,-,-,-,-,-,専任,-,-,要確認,更地渡し,水嶋宅建(株),053-433-7660,34.777557,137.6885944
167,売地,浜松市中央区東町61,-,2025/08/03,572,6.01,バス停 東町 停歩1分,315.0,所有権,60,-,-,-,-,-,-,-,-,媒介,-,-,転載不可,現況渡し,(株)山崎不動産,053-463-8713,34.6819759,137.7847223
168,売地,浜松市中央区東三方町447-16,-,2025/08/04,1500,5.01,バス停 赤松坂 停歩9分,991.0,所有権,60,-,-,-,-,-,-,-,-,媒介,-,-,要確認,現況渡し,(有)天商,053-436-6708,34.7839561,137.7228876
169,売地,浜松市中央区東三方町４４７－１６,-,2025/08/02,1500,5.01,バス停 愛隣 停歩8分,991.0,所有権,60,-,無指定,-,-,-,-,-,-,一般,-,-,転載不可,更地渡し,高台店,053-437-1976,34.7839561,137.7228876
170,売地,浜松市中央区東三方町,-,2025/08/06,1800,9.03,-,659.0,所有権,-,-,無指定,-,-,-,-,-,-,媒介,-,-,転載不可,現況渡し,誠和地建(株),053-474-8870,34.7788827,137.7317071
171,売地,浜松市中央区東若林町,-,2025/08/07,87,20.87,-,269.31,所有権,60,-,1種住居,-,-,-,-,-,-,一般,-,-,要確認,現況渡し,(株)マストレ,053-448-5656,34.6902778,137.7132259
172,売地,浜松市中央区東若林町,-,2025/07/31,1700,20.87,徒歩39分,269.31,所有権,60,-,1種住居,-,-,-,-,-,-,一般,-,-,要確認,更地渡し,浜松仲介チーム,053-451-0525,34.6902778,137.7132259
173,売地,浜松市中央区広沢２丁目２２－１５,-,2025/08/13,2950,30.98,バス停 浜松病院 停歩2分,314.87,所有権,60,-,1種中高,-,-,-,-,-,-,一般,-,-,転載不可,現況渡し,企画営業部,053-476-7112,34.71428849999999,137.7122305
174,売地,"浜松市中央区広沢２丁目78-80,78-76",-,2025/07/31,3980,31.08,徒歩32分,423.37,所有権,60,-,1種中高,-,-,-,-,-,-,一般,-,-,転載不可,相談,浜松仲介チーム,053-451-0525,34.7163631,137.7125908
175,売地,浜松市中央区古川町119-3,-,2025/08/01,900,8.83,-,337.03,所有権,60,-,-,-,-,-,-,-,-,一般,-,-,転載不可,更地渡し,とぴあ浜松農業協同組合不動産センター有玉店,053-476-3152,34.6884734,137.7719053
176,売地,浜松市中央区古川町,-,2025/08/03,1,-,バス停 古川 停歩2分,337.0,所有権,60,-,無指定,-,-,-,-,-,-,媒介,-,-,要確認,更地渡し,(株)山崎不動産,053-463-8713,34.6892956,137.7791717
177,売地,浜松市中央区古川町,-,2025/08/03,1076,8,バス停 古川 停歩3分,445.0,所有権,60,-,無指定,-,-,-,-,-,-,媒介,-,-,要確認,現況渡し,(株)山崎不動産,053-463-8713,34.6892956,137.7791717
178,売地,浜松市中央区古川町22-2,-,2025/08/03,1560,17.2,バス停 古川 停歩2分,300.0,所有権,60,-,無指定,-,-,-,-,-,-,媒介,-,-,要確認,現況渡し,(株)山崎不動産,053-463-8713,34.6879411,137.7705398
179,売地,浜松市中央区芳川町335-3,-,2025/08/08,2050,14.9,東海道本線 天竜川 徒歩4 5分,455.0,所有権,60,-,1種住居,-,-,-,-,-,-,専任,-,-,転載不可,現況渡し,浜松損害保険サービス(株),053-459-4180,34.6872559,137.7649895
180,売地,浜松市中央区舞阪町浜田,-,2025/08/08,10,-,-,366.0,所有権,60,-,準工業,-,-,-,-,-,-,媒介,-,-,転載不可,更地渡し,(株)エステート・パートナー,053-443-8856,34.6824597,137.6215318
181,売地,浜松市中央区舞阪町弁天島,-,2025/08/06,1200,12.23,東海道本線 弁天島 徒歩4分,324.6,所有権,80,-,商業地域,-,-,-,-,-,-,媒介,-,-,要確認,更地渡し,(株)吉田不動産,053-592-3131,34.6897081,137.6035333
182,売地,浜松市中央区舞阪町弁天島,-,2025/08/09,2250,13.26,東海道本線 弁天島 徒歩8分,561.0,所有権,60,-,1種住居,-,-,-,-,-,-,一般,-,-,要確認,建築条件付,高林支店,053-472-5656,34.6897081,137.6035333
183,売地,浜松市中央区舞阪町弁天島,-,2025/07/26,2800,8.03,東海道本線 弁天島 徒歩8分,1153.7,所有権,60,-,1種住居,-,-,-,-,-,-,一般,-,-,要確認,相談,(株)マストレ,053-448-5656,34.6897081,137.6035333
184,売地,浜松市中央区馬郡町,-,2025/07/30,1180,12.29,東海道本線 舞阪 徒歩8分,317.41,所有権,60,-,1種住居,-,-,-,-,-,-,一般,-,-,要確認,現況渡し,(株)マストレ浜松医大前営業所,053-424-7747,34.6868788,137.6332155
185,売地,浜松市中央区馬郡町２８１０,-,2025/08/10,1480,15.42,東海道本線 舞阪 徒歩9分,317.41,所有権,60,-,1種住居,-,-,-,-,-,-,一般,-,-,転載不可,相談,浜松店,053-471-0202,34.6833829,137.6323542
186,売地,浜松市中央区三方原町１７２４－２４,-,2025/08/05,550,3.21,バス停 豊岡（静岡県）（バス） 停歩7分,568.0,所有権,60,-,無指定,-,-,-,-,-,-,専任,-,-,転載不可,現況渡し,事業用不動産流通グループ,053-488-8811,34.7889705,137.711459
187,売地,浜松市中央区三方原町1990-1の一部,-,2025/08/09,740,2.03,バス停 権七 停歩4分,273.02,所有権,60,-,無指定,-,-,-,-,-,-,一般,-,-,転載不可,現況渡し,遠州トラック(株)不動産営業所,0538-42-0001,34.785159,137.7100922
188,売地,浜松市中央区三方原町１３６３－３,-,2025/08/08,6,-,-,497.0,所有権,60,-,無指定,-,-,-,-,-,-,専任,-,-,要確認,現況渡し,事業用不動産流通グループ,053-488-8811,34.7840245,137.7114355
189,売地,浜松市中央区三方原町2095番3、2097番3,-,2025/08/01,780,5.2,バス停 別院 停歩8分,496.0,所有権,-,-,-,-,-,-,-,-,-,媒介,-,-,転載不可,更地渡し,とぴあ浜松農業協同組合不動産センター有玉店,053-476-3152,34.7905988,137.7080767
190,売地,浜松市中央区村櫛町4221-1,-,2025/08/08,650,2.28,東海道本線 弁天島 徒歩77分,946.0,所有権,60,-,1種住居,-,-,-,-,-,-,一般,-,-,転載不可,現況渡し,浜松損害保険サービス(株),053-459-4180,34.7259423,137.5931621
191,売地,浜松市中央区村櫛町,-,2025/08/07,7,-,-,305.5,所有権,60,-,1種住居,-,-,-,-,-,-,一般,-,-,要確認,建築条件付,高林支店,053-472-5656,34.7259423,137.5931621
192,売地,浜松市中央区山手町,-,2025/08/01,96,26.96,-,601.0,所有権,60,-,1種中高,-,-,-,-,-,-,一般,-,-,要確認,現況渡し,(株)マストレ,053-448-5656,34.7079112,137.7052194
193,売地,浜松市中央区山手町4904番4,-,2025/08/11,4985,52.99,徒歩37分,311.0,所有権,60,-,1種中高,-,-,-,-,-,-,一般,-,-,転載不可,更地渡し,中村公園店,052-483-7011,34.7079112,137.7052194
194,売地,浜松市中央区山手町４４番１８号,-,2025/07/26,99,-,-,311.0,所有権,60,-,1種中高,-,-,-,-,-,-,一般,-,-,要確認,更地渡し,事業用不動産流通グループ,053-488-8811,34.7073309,137.702091
195,売地,浜松市中央区山手町44-18,-,2025/08/05,4986,53,バス停 佐鳴台団地 停歩6分,311.0,所有権,60,-,1種中高,-,-,-,-,-,-,媒介,-,-,転載不可,更地渡し,(株)ニイノプラン,053-485-7700,34.7073309,137.702091
196,売地,浜松市中央区雄踏町宇布見,-,2025/08/11,50,6.5,-,303.59,所有権,60,-,無指定,-,-,-,-,-,-,一般,-,-,転載不可,現況渡し,(株)マストレ,053-448-5656,34.7000235,137.6289066
197,売地,浜松市中央区雄踏町宇布見,-,2025/08/06,980,6.56,東海道本線 舞阪 徒歩37分,494.0,所有権,60,-,無指定,-,-,-,-,-,-,専任,-,-,転載不可,現況渡し,(株)吉田不動産,053-592-3131,34.7000235,137.6289066
198,売地,浜松市中央区雄踏町宇布見,-,2025/08/05,4,-,-,470.0,所有権,60,-,無指定,-,-,-,-,-,-,一般,-,-,要確認,現況渡し,(株)マストレ,053-448-5656,34.7000235,137.6289066
199,売地,浜松市中央区雄踏町宇布見4040-1,-,2025/08/06,1,-,東海道本線 舞阪 徒歩39分,764.0,所有権,60,-,-,-,-,-,-,-,-,媒介,-,-,転載不可,現況渡し,(株)吉田不動産,053-592-3131,34.6987299,137.6465398
200,売地,浜松市中央区雄踏町宇布見,-,2025/08/05,91,14.91,-,399.3,所有権,60,-,2種中高,-,-,-,-,-,-,一般,-,-,要確認,現況渡し,(株)マストレ,053-448-5656,34.7000235,137.6289066
201,売地,浜松市中央区雄踏町宇布見,-,2025/08/05,1,-,-,426.44,所有権,60,-,2種中高,-,-,-,-,-,-,一般,-,-,要確認,更地渡し,(株)マストレ,053-448-5656,34.7000235,137.6289066
202,売地,浜松市中央区雄踏町宇布見7813,-,2025/08/10,65,18.65,-,390.08,所有権,60,-,2種中高,-,-,-,-,-,-,一般,-,-,転載不可,更地渡し,浜松東店,053-467-6700,34.7023899,137.6287324
203,売地,浜松市中央区雄踏町宇布見,-,2025/08/09,65,18.65,-,390.08,所有権,60,-,2種中高,-,-,-,-,-,-,一般,-,-,要確認,更地渡し,高林支店,053-472-5656,34.7000235,137.6289066
204,売地,浜松市中央区雄踏町宇布見４０７２－１,-,2025/08/08,67,14.67,-,513.97,所有権,60,-,無指定,-,-,-,-,-,-,一般,-,-,要確認,更地渡し,事業用不動産流通グループ,053-488-8811,34.6974865,137.6451709
205,売地,浜松市中央区雄踏町宇布見9204-3 他,-,2025/08/13,4300,8.63,東海道本線 舞阪 徒歩37分,1647.67,所有権,-,-,無指定,-,-,-,-,-,-,媒介,-,-,転載不可,現況渡し,(株)えんコーポレーション,053-472-2391,34.7047599,137.6206876
206,売地,浜松市中央区豊町,-,2025/08/09,0,7,-,1002.0,所有権,60,-,無指定,-,-,-,-,-,-,一般,-,-,要確認,相談,高林支店,053-472-5656,34.7725864,137.8036703
207,売地,浜松市中央区米津町2213-1,-,2025/08/03,500,3.64,バス停 新津小学校 停歩6分,455.0,所有権,60,-,-,-,-,-,-,-,-,媒介,-,-,要確認,現況渡し,(株)山崎不動産,053-463-8713,34.6769486,137.7018715
208,売地,浜松市中央区米津町2214-1,-,2025/08/03,565,5,バス停 新津小学校 停歩6分,374.0,所有権,60,-,-,-,-,-,-,-,-,媒介,-,-,要確認,現況渡し,(株)山崎不動産,053-463-8713,34.6720751,137.7132259
209,売地,浜松市中央区若林町,-,2025/08/03,61,10.61,-,498.89,所有権,60,-,無指定,-,-,-,-,-,-,一般,-,-,要確認,現況渡し,(株)マストレ,053-448-5656,34.6906329,137.703372
210,売地,浜松市中央区若林町,-,2025/07/28,1750,11.6,バス停 可美市民サービスセンター 停歩5分,498.89,所有権,60,-,無指定,-,-,-,-,-,-,一般,-,-,転載不可,現況渡し,あららぎ不動産(株),053-464-5557,34.6906329,137.703372
211,売地,浜松市中央区和合町222-6,-,2025/07/28,1369,11,バス停 馬舟 停歩8分,411.51,所有権,50,-,1種低層,-,-,-,-,-,-,一般,-,-,転載不可,現況渡し,(株)プラス,053-478-5511,34.7411047,137.707067
212,売地,浜松市中央区和合町１１３７－１９,-,2025/08/01,72,19.72,バス停 寸田ヶ谷 停歩13分,328.19,所有権,30,-,1種低層,-,-,-,-,-,-,売主,-,-,要確認,現況渡し,企画営業部,053-476-7112,34.7327164,137.7020676
213,売地,浜松市中央区和合町,-,2025/07/28,2100,20.13,バス停 遠鉄バス 馬生停 停歩5分,345.0,所有権,60,-,1種中高,-,-,-,-,-,-,一般,-,-,転載不可,更地渡し,(有)エステート東海,053-433-5401,34.7411047,137.707067
214,売地,浜松市中央区和合町２４０－１１,-,2025/08/08,2300,19.98,バス停 馬舟 停歩3分,380.58,所有権,50,-,1種低層,-,-,-,-,-,-,専任,-,-,転載不可,更地渡し,浜松店,053-471-0202,34.7368432,137.7128496
215,売地,浜松市中央区和合町,-,2025/07/29,1,-,-,388.66,所有権,60,-,1種中高,-,-,-,-,-,-,専任,-,-,要確認,現況渡し,(株)マストレ,053-448-5656,34.7411047,137.707067
216,売地,浜松市中央区和合町1131-1,-,2025/07/28,7500,37.01,バス停 寸田ヶ谷 停歩13分,670.0,所有権,30,-,1種低層,-,-,-,-,-,-,媒介,-,-,要確認,相談,(株)プラス,053-478-5511,34.7411047,137.707067
217,売地,浜松市中央区和地町1320,-,2025/08/12,21,4.21,-,707.53,所有権,60,-,無指定,-,-,-,-,-,-,一般,-,-,転載不可,現況渡し,ひだまり工房(株),053-596-3900,34.764386,137.6471298
218,売地,浜松市浜名区油一色207,-,2025/08/08,950,6.31,徒歩19分,498.0,所有権,-,-,-,-,-,-,-,-,-,専任,-,-,転載可,更地渡し,(株)幹工務店,053-453-0719,34.8037575,137.8087993
219,売地,浜松市浜名区引佐町井伊谷4126 外2筆,-,2025/07/27,400,4.97,-,266.35,所有権,60,-,-,-,-,-,-,-,-,媒介,-,-,転載可,更地渡し,湖北開発(株),053-542-0724,34.8330454,137.6745874
220,売地,浜松市浜名区引佐町井伊谷604-2,-,2025/08/09,42,11.42,-,391.0,所有権,60,-,2種中高,-,-,-,-,-,-,媒介,-,-,転載可,更地渡し,湖北開発(株),053-542-0724,34.8356345,137.6736864
221,売地,浜松市浜名区引佐町金指1247,-,2025/07/27,500,3.43,徒歩7分,483.18,所有権,60,-,1種住居,-,-,-,-,-,-,媒介,-,-,転載可,現況渡し,湖北開発(株),053-542-0724,34.8194024,137.677514
222,売地,浜松市浜名区引佐町金指８７７‐１,-,2025/08/03,1150,5.14,バス停 谷津 停歩13分,740.0,所有権,40,-,1種低層,-,-,-,-,-,-,専任,-,-,転載不可,現況渡し,高台店,053-437-1976,34.8194024,137.677514
223,売地,浜松市浜名区引佐町金指,-,2025/07/31,1300,8.27,徒歩13分,520.25,所有権,40,-,1種低層,-,-,-,-,-,-,一般,-,-,転載不可,現況渡し,浜松仲介チーム,053-451-0525,34.8194024,137.677514
224,売地,浜松市浜名区引佐町金指889-1 他10筆,-,2025/07/27,10000,1.96,徒歩12分,16889.16,所有権,40,-,1種低層,-,-,-,-,-,-,媒介,-,-,転載可,現況渡し,(有)エムツー,053-525-9710,34.8194024,137.677514
225,売地,浜松市浜名区引佐町川名,-,2025/08/09,24,3.24,-,920.69,所有権,60,-,無指定,-,-,-,-,-,-,一般,-,-,要確認,更地渡し,高林支店,053-472-5656,34.8720091,137.6996772
226,売地,浜松市浜名区引佐町黒渕,-,2025/08/07,1,-,-,671.0,所有権,60,-,無指定,-,-,-,-,-,-,一般,-,-,要確認,現況渡し,高林支店,053-472-5656,34.8365118,137.6544372
227,売地,浜松市浜名区於呂2747-1,-,2025/08/11,280,1.87,徒歩11分,495.0,所有権,60,-,無指定,-,-,-,-,-,-,専任,-,-,要確認,現況渡し,ゼロ(株),053-482-8777,34.8334478,137.7958252
228,売地,浜松市浜名区於呂,-,2025/08/06,2180,7.02,徒歩3分,1028.0,所有権,60,-,-,-,-,-,-,-,-,一般,-,-,転載不可,相談,(株)飯田組,053-432-4060,34.8334478,137.7958252
229,売地,浜松市浜名区上島424-1,-,2025/08/06,5960,11.01,徒歩10分,1790.39,所有権,60,-,-,-,-,-,-,-,-,媒介,-,-,転載不可,更地渡し,(株)飯田組,053-432-4060,34.8491171,137.8123193
230,売地,浜松市浜名区小松,-,2025/07/28,1716,20.01,徒歩9分,283.59,所有権,70,-,無指定,-,-,-,-,-,-,専任,-,-,転載不可,更地渡し,三方不動産(株),053-528-7800,34.7865753,137.7711552
231,売地,浜松市浜名区新原3613-2,-,2025/07/29,500,5.43,徒歩18分,304.67,所有権,60,-,無指定,-,-,-,-,-,-,売主,-,-,転載可,現況渡し,(有)弥生不動産,053-587-0030,34.8119559,137.779674
232,売地,浜松市浜名区新原6313-1,-,2025/07/29,500,5.26,徒歩11分,314.42,所有権,60,-,無指定,-,-,-,-,-,-,売主,-,-,転載可,現況渡し,(有)弥生不動産,053-587-0030,34.8135109,137.7810219
233,売地,浜松市浜名区新原4097-4,-,2025/08/04,700,2.59,バス停 新原下善北 停歩2分,895.0,所有権,60,-,取引態様,-,-,-,-,-,-,媒介,-,-,要確認,更地渡し,(有)天商,053-436-6708,34.8118161,137.7730682
234,売地,浜松市浜名区新原2308番,-,2025/08/10,780,6.77,-,381.35,所有権,60,-,無指定,-,-,-,-,-,-,一般,-,-,転載不可,現況渡し,センチュリー21中央不動産浜松店,053-584-0021,34.8135109,137.7810219
235,売地,浜松市浜名区新原4443-2,-,2025/08/07,853,6.51,徒歩11分,433.53,所有権,60,-,無指定,-,-,-,-,-,-,一般,-,-,転載不可,現況渡し,(有)大西屋,053-585-3401,34.8171374,137.7976412
236,売地,浜松市浜名区新原3765,-,2025/08/12,0,2,-,1521.0,所有権,60,-,無指定,-,-,-,-,-,-,一般,-,-,要確認,現況渡し,(株)リデコ,053-488-4537,34.8135109,137.7810219
237,売地,浜松市浜名区新原3765,-,2025/08/12,50,3.5,-,1782.0,所有権,60,-,無指定,-,-,-,-,-,-,一般,-,-,要確認,現況渡し,(株)リデコ,053-488-4537,34.8135109,137.7810219
238,売地,浜松市浜名区新原6471、6472,-,2025/08/05,1980,17.52,徒歩10分,373.77,所有権,60,-,無指定,-,-,-,-,-,-,専任,-,-,要確認,現況渡し,(株)川嶋,053-437-3731,34.8135109,137.7810219
239,売地,浜松市浜名区新原,-,2025/08/09,2030,20.04,徒歩16分,335.0,所有権,70,-,無指定,-,-,-,-,-,-,一般,-,-,転載不可,現況渡し,松屋不動産販売(株),053-401-6610,34.8135109,137.7810219
240,売地,浜松市浜名区新原,-,2025/08/09,3830,20.07,徒歩16分,631.13,所有権,70,-,無指定,-,-,-,-,-,-,一般,-,-,転載不可,現況渡し,松屋不動産販売(株),053-401-6610,34.8135109,137.7810219
241,売地,浜松市浜名区新原３５８４他,-,2025/08/01,1,-,バス停 ＪＡとぴあ浜北 停歩6分,4074.0,所有権,60,-,無指定,-,-,-,-,-,-,一般,-,-,要確認,更地渡し,事業用不動産流通グループ,053-488-8811,34.8097996,137.7781661
242,売地,浜松市浜名区善地239,-,2025/07/29,773,6.01,徒歩30分,425.77,所有権,60,-,無指定,-,-,-,-,-,-,媒介,-,-,転載不可,更地渡し,(有)弥生不動産,053-587-0030,34.7892711,137.8069304
243,売地,浜松市浜名区善地85,-,2025/08/11,1680,19.68,徒歩25分,282.28,所有権,60,-,無指定,-,-,-,-,-,-,一般,-,-,転載不可,現況渡し,(株)アランアール,053-488-5590,34.7938527,137.8063072
244,売地,浜松市浜名区染地台３丁目28番3,-,2025/08/05,0,15.01,-,1685.68,所有権,50,-,2種低層,-,-,-,-,-,-,専任,-,-,転載不可,建築条件付,常盤工業(株),053-461-9144,34.7919231,137.7426449
245,売地,浜松市浜名区寺島,-,2025/08/11,99,7.99,-,427.0,所有権,60,-,無指定,-,-,-,-,-,-,一般,-,-,要確認,現況渡し,(株)マストレ,053-448-5656,34.7788661,137.7958252
246,売地,浜松市浜名区寺島130-11,-,2025/07/29,1490,15.84,徒歩16分,311.08,所有権,60,-,無指定,-,-,-,-,-,-,媒介,-,-,転載不可,更地渡し,(有)弥生不動産,053-587-0030,34.7787502,137.7864447
247,売地,浜松市浜名区豊保１８１－１、１８１－４９,-,2025/08/14,1580,14.64,徒歩12分,356.96,所有権,60,-,無指定,-,-,-,-,-,-,一般,-,-,転載不可,現況渡し,浜北店,053-581-1124,34.8274254,137.8053966
248,売地,浜松市浜名区豊保181-1,-,2025/07/31,1580,14.64,バス停 四塔 停歩5分,356.96,所有権,60,-,無指定,-,-,-,-,-,-,一般,-,-,転載不可,現況渡し,アイエス宅建,053-434-6810,34.827453,137.8048297
249,売地,浜松市浜名区中瀬,-,2025/08/07,556,4,バス停 ＪＡ中瀬支店 停歩5分,459.84,所有権,60,-,無指定,-,-,-,-,-,-,媒介,-,-,転載不可,現況渡し,あきやま不動産(株),053-437-7330,34.8229556,137.8182545
250,売地,浜松市浜名区中瀬252-3,-,2025/07/29,791,7.51,徒歩16分,348.36,所有権,60,-,無指定,-,-,-,-,-,-,媒介,-,-,転載不可,現況渡し,(有)弥生不動産,053-587-0030,34.8229556,137.8182545
251,売地,浜松市浜名区中瀬2984-1,-,2025/08/02,900,9.13,徒歩15分,326.0,所有権,60,-,無指定,-,-,-,-,-,-,専任,-,-,転載不可,現況渡し,SKY(株),053-414-2100,34.8321983,137.8112389
252,売地,浜松市浜名区中瀬3275、3277-2,-,2025/08/10,980,7.68,-,422.0,所有権,60,-,無指定,-,-,-,-,-,-,一般,-,-,転載不可,現況渡し,センチュリー21中央不動産浜松店,053-584-0021,34.8229556,137.8182545
253,売地,浜松市浜名区西美薗,-,2025/08/08,0,6,-,264.47,所有権,60,-,無指定,-,-,-,-,-,-,一般,-,-,要確認,現況渡し,(株)マストレ,053-448-5656,34.8016123,137.7958252
254,売地,浜松市浜名区西美薗,-,2025/08/04,580,21.87,徒歩13分,264.47,所有権,60,-,無指定,-,-,-,-,-,-,一般,-,-,転載不可,現況渡し,浜北店,053-581-1124,34.8016123,137.7958252
255,売地,浜松市浜名区沼２６９－２,-,2025/07/28,4490,27.77,徒歩8分,534.58,所有権,60,-,2種住居,-,-,-,-,-,-,専任,-,-,転載不可,更地渡し,浜北店,053-581-1124,34.7944098,137.7865704
256,売地,浜松市浜名区根堅,-,2025/08/01,67,5.67,-,572.0,所有権,60,-,無指定,-,-,-,-,-,-,一般,-,-,要確認,更地渡し,高林支店,053-472-5656,34.8430964,137.793661
257,売地,浜松市浜名区根堅160・161・164-1,-,2025/08/05,1250,10.84,-,381.3,所有権,60,-,無指定,-,-,-,-,-,-,専任,-,-,要確認,更地渡し,浜北営業所,053-582-6222,34.8430964,137.793661
258,売地,浜松市浜名区東美薗４４０,-,2025/08/08,590,4.87,徒歩歩1199分,81.25,所有権,60,-,無指定,-,-,-,-,-,-,専任,-,-,転載不可,-,浜北店,053-581-1124,34.7973218,137.8044624
259,売地,浜松市浜名区平口２５１７－１,-,2025/08/08,540,4.64,バス停 小林市営団地北 停歩10分,385.45,所有権,60,-,無指定,-,-,-,-,-,-,専任,-,-,転載不可,現況渡し,浜北店,053-581-1124,34.7995205,137.7630898
260,売地,浜松市浜名区細江町気賀1318他,-,2025/08/05,600,3.99,徒歩11分,497.2,所有権,60,-,1種中高,-,-,-,-,-,-,媒介,-,-,要確認,現況渡し,(株)アスティア,053-543-9988,34.8086566,137.6552513
261,売地,浜松市浜名区細江町気賀,-,2025/08/10,700,8.04,徒歩16分,288.01,所有権,60,-,1種住居,-,-,-,-,-,-,専任,-,-,転載不可,更地渡し,Smife浜松西支店,053-449-7111,34.8086566,137.6552513
262,売地,浜松市浜名区細江町気賀１０９３－２６，１０９３－２７,-,2025/08/01,890,5.64,徒歩17分,522.0,所有権,60,-,無指定,-,-,-,-,-,-,専任,-,-,転載不可,更地渡し,企画営業部,053-476-7112,34.8115331,137.6476865
263,売地,浜松市浜名区細江町気賀１８４－５,-,2025/08/02,980,4.38,徒歩6分,740.45,所有権,60,-,2種住居,-,-,-,-,-,-,専任,-,-,転載不可,更地渡し,高台店,053-437-1976,34.807376,137.6559561
264,売地,浜松市浜名区細江町気賀10170,-,2025/08/12,1080,8.86,徒歩3分,403.3,所有権,60,-,無指定,-,-,-,-,-,-,専任,-,-,転載不可,現況渡し,ひだまり工房(株),053-596-3900,34.8011734,137.621656
265,売地,浜松市浜名区細江町気賀１２１５－１他,-,2025/07/30,1150,8.72,バス停 落合橋 停歩15分,436.0,所有権,60,-,1種低層,-,-,-,-,-,-,一般,-,-,転載不可,現況渡し,浜北店,053-581-1124,34.8086566,137.6552513
266,売地,浜松市浜名区細江町気賀,-,2025/08/10,1987,10,徒歩16分,656.97,所有権,60,-,工業地域,-,-,-,-,-,-,一般,-,-,転載不可,更地渡し,(株)マストレ東営業所,053-462-5656,34.8086566,137.6552513
267,売地,浜松市浜名区細江町気賀,-,2025/08/08,2180,10.97,徒歩16分,656.97,所有権,60,-,工業地域,-,-,-,-,-,-,一般,-,-,転載不可,更地渡し,浜松損害保険サービス(株),053-459-4180,34.8086566,137.6552513
268,売地,浜松市浜名区細江町中川1525-3,-,2025/08/01,800,4.67,徒歩22分,566.85,所有権,60,-,-,-,-,-,-,-,-,媒介,-,-,要確認,更地渡し,(株)アスティア,053-543-9988,34.8076444,137.6822219
269,売地,浜松市浜名区細江町中川１７８５－５,-,2025/08/02,1200,12.72,バス停 ベル２１ 停歩4分,311.93,所有権,60,-,2種住居,-,-,-,-,-,-,一般,-,-,転載不可,更地渡し,高台店,053-437-1976,34.8101313,137.6857663
270,売地,浜松市浜名区細江町中川５４９７－１、５４９４－１,-,2025/07/31,2650,6.33,バス停 新屋 停歩3分,1384.0,所有権,60,-,無指定,-,-,-,-,-,-,一般,-,-,転載不可,現況渡し,事業用不動産流通グループ,053-488-8811,34.8014341,137.6639565
271,売地,浜松市浜名区本沢合552-4、552-5、552-6の一部,-,2025/08/07,420,3.22,徒歩10分,431.43,所有権,60,-,取引態様,-,-,-,-,-,-,一般,-,-,転載不可,現況渡し,(有)大西屋,053-585-3401,34.8111454,137.7995267
272,売地,浜松市浜名区本沢合737,-,2025/07/29,1870,22.57,徒歩2分,274.0,所有権,60,-,1種住居,-,-,-,-,-,-,媒介,-,-,転載不可,更地渡し,(有)弥生不動産,053-587-0030,34.8094462,137.7958238
273,売地,浜松市浜名区本沢合１０３番１,-,2025/08/01,3500,14.12,徒歩4分,820.0,所有権,40,-,準住居,-,-,-,-,-,-,専任,-,-,転載不可,現況渡し,すずさわ不動産,053-582-7175,34.8111454,137.7995267
274,売地,浜松市浜名区三ヶ日町大崎６４３,-,2025/08/09,750,6.99,徒歩4 1分,355.0,所有権,60,-,無指定,-,-,-,-,-,-,一般,-,-,転載可,現況渡し,企画営業部,053-476-7112,34.7702502,137.5670071
275,売地,浜松市浜名区三ヶ日町大崎1883番2,-,2025/08/08,1374,3.01,徒歩27分,1514.0,所有権,60,-,-,-,-,-,-,-,-,媒介,-,-,転載可,現況渡し,(株)三ケ日不動産,053-524-0099,34.7700415,137.5500748
276,売地,浜松市浜名区三ヶ日町大崎６４３、６４２－３、６４２－４,-,2025/08/09,1400,6.51,徒歩4 1分,711.37,所有権,60,-,無指定,-,-,-,-,-,-,一般,-,-,転載可,現況渡し,企画営業部,053-476-7112,34.7702502,137.5670071
277,売地,浜松市浜名区三ヶ日町大谷,-,2025/07/31,1800,6.79,徒歩35分,877.52,所有権,60,-,無指定,-,-,-,-,-,-,一般,-,-,要確認,更地渡し,浜松仲介チーム,053-451-0525,34.8166472,137.5914122
278,売地,浜松市浜名区三ヶ日町下尾奈2241－26外,-,2025/08/05,500,5.01,徒歩歩1144分,438.82,所有権,60,-,無指定,-,-,-,-,-,-,専任,-,-,要確認,-,(株)パートナーズホーム,0532-87-4323,34.7762612,137.542357
279,売地,浜松市浜名区三ヶ日町都筑2303,-,2025/08/01,500,6.18,徒歩10分,267.57,所有権,60,-,1種住居,-,-,-,-,-,-,媒介,-,-,要確認,更地渡し,(株)丸玉,053-421-7360,34.7930283,137.5801026
280,売地,浜松市浜名区三ヶ日町都筑2081-1他3筆,-,2025/08/10,110,6.5,徒歩7分,918.25,所有権,60,-,1種中高,-,-,-,-,-,-,一般,-,-,転載不可,現況渡し,センチュリー21中央不動産浜松店,053-584-0021,34.7919941,137.5828758
281,売地,浜松市浜名区三ヶ日町都筑1956-1 外2筆,-,2025/08/12,1998,6.21,バス停 野地 停歩4分,1065.32,所有権,60,-,1種中高,-,-,-,-,-,-,専任,-,-,転載不可,現況渡し,アイエス宅建,053-434-6810,34.7939336,137.5734246
282,売地,浜松市浜名区三ヶ日町都筑859,-,2025/08/01,6500,21.28,徒歩9分,1010.21,所有権,-,-,-,-,-,-,-,-,-,一般,-,-,転載不可,相談,(株)ティーエイト不動産,054-256-2016,34.7854549,137.5882594
283,売地,浜松市浜名区三ヶ日町三ヶ日916番48、104、他,-,2025/08/10,8966,12,徒歩6分,2470.0,所有権,60,-,1種住居,-,-,-,-,-,-,一般,-,-,転載不可,現況渡し,センチュリー21中央不動産浜松店,053-584-0021,34.8030356,137.5490284
284,売地,浜松市浜名区宮口３５８２－１，３，４,-,2025/08/07,2000,6.68,バス停 子育てセンターしんぱら 停歩7分,990.58,所有権,60,-,無指定,-,-,-,-,-,-,専任,-,-,転載不可,更地渡し,浜北店,053-581-1124,34.819798,137.7732035
285,売地,浜松市浜名区宮口4831-273,-,2025/08/12,2500,16.45,徒歩15分,502.64,所有権,60,-,-,-,-,-,-,-,-,一般,-,-,要確認,更地渡し,水嶋宅建(株),053-433-7660,34.8317122,137.7673522
286,売地,浜松市浜名区都田町70番18、70番17,-,2025/08/04,660,4.97,徒歩27分,439.0,所有権,-,-,-,-,-,-,-,-,-,媒介,-,-,転載不可,相談,(有)三銀堂不動産,053-452-3815,34.8063916,137.7089197
287,売地,浜松市浜名区都田町,-,2025/08/07,74,8.74,-,264.99,所有権,60,-,無指定,-,-,-,-,-,-,一般,-,-,要確認,現況渡し,高林支店,053-472-5656,34.8115164,137.7314432
288,売地,浜松市浜名区都田町,-,2025/07/31,1480,5.2,徒歩4 2分,941.0,所有権,60,-,無指定,-,-,-,-,-,-,一般,-,-,要確認,現況渡し,浜松仲介チーム,053-451-0525,34.8115164,137.7314432
289,売地,浜松市浜名区都田町７８３７,-,2025/08/03,1,-,-,991.0,所有権,60,-,-,-,-,-,-,-,-,専属専任,-,-,転載不可,現況渡し,(有)ホームズ,053-455-2223,34.8115164,137.7314432
290,売地,浜松市浜名区都田町９６３６－２,-,2025/07/26,1,-,バス停 テクノ東（静岡県） 停歩11分,1000.0,所有権,-,-,取引態様,-,-,-,-,-,-,一般,-,-,転載不可,相談,高台店,053-437-1976,34.807542,137.7453262
291,売地,浜松市浜名区都田町８０５８－１,-,2025/08/11,1,-,バス停 白昭 停歩4分,2264.0,所有権,60,-,無指定,-,-,-,-,-,-,一般,-,-,転載不可,現況渡し,高台店,053-437-1976,34.8077449,137.7298373
292,売地,浜松市浜名区都田町,-,2025/08/05,2950,21,バス停 沢上口 停歩24分,464.44,所有権,60,-,無指定,-,-,-,-,-,-,一般,-,-,転載不可,現況渡し,あららぎ不動産(株),053-464-5557,34.8115164,137.7314432
293,売地,浜松市浜名区都田町8059-4、8059-5,-,2025/08/08,5000,10,徒歩4 6分,1653.0,所有権,60,-,無指定,-,-,-,-,-,-,一般,-,-,転載不可,更地渡し,浜松損害保険サービス(株),053-459-4180,34.8075047,137.7308261
294,売地,浜松市天竜区大谷160-11,-,2025/08/01,440,5.09,徒歩24分,286.15,所有権,60,-,2種中高,-,-,-,-,-,-,媒介,-,-,要確認,現況渡し,(株)アスティア,053-543-9988,34.8744393,137.8165224
295,売地,浜松市天竜区大谷,-,2025/08/01,1,-,-,286.15,所有権,60,-,2種中高,-,-,-,-,-,-,一般,-,-,要確認,現況渡し,(株)マストレ,053-448-5656,34.8765535,137.8143352
296,売地,"浜松市天竜区東藤平96-6,96-2",-,2025/08/06,450,1.51,-,991.0,所有権,-,-,無指定,-,-,-,-,-,-,専任,-,-,転載不可,相談,藤田土地開発(株),053-922-3007,34.9139799,137.7696493
297,売地,浜松市天竜区二俣町阿蔵字白山81番2、81番1,-,2025/08/04,678,8.01,徒歩5分,280.0,所有権,80,-,近隣商業,-,-,-,-,-,-,媒介,-,-,転載不可,現況渡し,天竜不動産,053-926-2511,34.8705198,137.8402601
298,売地,浜松市天竜区二俣町鹿島１４５番１,-,2025/08/02,2620,25.04,バス停 清竜中学 停歩3分,345.9,所有権,60,-,2種中高,-,-,-,-,-,-,専任,-,-,転載不可,現況渡し,浜松店,053-471-0202,34.84826450000001,137.8074808
299,売地,浜松市天竜区二俣町二俣886-1,-,2025/08/01,860,9.46,-,300.82,所有権,60,-,2種住居,-,-,-,-,-,-,媒介,-,-,要確認,更地渡し,(株)アスティア,053-543-9988,34.8632461,137.8128458
300,売地,浜松市天竜区二俣町二俣1569-28,-,2025/07/28,1480,14.8,徒歩4分,330.58,所有権,90,-,近隣商業,-,-,-,-,-,-,一般,-,-,転載不可,現況渡し,浜松駅南店,053-453-3731,34.8612486,137.8135883
301,売地,浜松市天竜区二俣町二俣,-,2025/08/05,2000,12.84,徒歩15分,515.23,所有権,60,-,2種住居,-,-,-,-,-,-,一般,-,-,転載不可,現況渡し,本店,058-246-4770,34.8645759,137.8155695
302,売地,浜松市天竜区船明３０４８番７,-,2025/08/04,480,5.86,バス停 島町 停歩6分,271.02,所有権,60,-,1種中高,-,-,-,-,-,-,専任,-,-,転載不可,現況渡し,浜北店,053-581-1124,34.8894051,137.8205067
303,売地,浜松市天竜区船明３０１８－１０、１１,-,2025/08/08,500,5.42,バス停 上臈塚 停歩3分,305.43,所有権,60,-,2種中高,-,-,-,-,-,-,専任,-,-,転載不可,現況渡し,浜北店,053-581-1124,34.8894051,137.8205067
304,売地,浜松市天竜区船明3078番6 他,-,2025/08/13,15,6.15,バス停 島町 停歩4分,278.28,所有権,50,-,1種低層,-,-,-,-,-,-,専属専任,-,-,転載不可,現況渡し,(株)オフィスSANO,053-522-8320,34.8894051,137.8205067
305,売地,浜松市天竜区船明３０５２－１１,-,2025/08/04,540,5.04,徒歩4 7分,354.53,所有権,60,-,1種中高,-,-,-,-,-,-,一般,-,-,転載不可,現況渡し,浜北店,053-581-1124,34.8894051,137.8205067
306,売地,浜松市天竜区船明３０４９－４,-,2025/08/04,540,6.04,徒歩4 8分,296.03,所有権,60,-,1種中高,-,-,-,-,-,-,一般,-,-,転載不可,現況渡し,浜北店,053-581-1124,34.8894051,137.8205067
307,売地,浜松市天竜区船明３０６５－５,-,2025/08/07,600,5.37,-,370.0,所有権,50,-,1種低層,-,-,-,-,-,-,一般,-,-,転載不可,更地渡し,(株)不動産のおおさわ,053-581-8600,34.8894051,137.8205067
308,売地,浜松市天竜区船明243,-,2025/08/06,654,6.01,バス停 浜松市自主運行バス 船明 停歩3分,360.33,所有権,50,-,1種低層,-,-,-,-,-,-,売主,-,-,転載可,更地渡し,三立木材(株),053-926-1800,34.8914542,137.8165144
309,売地,浜松市天竜区船明3071番2,-,2025/08/01,0,6,-,366.31,所有権,60,-,2種中高,-,-,-,-,-,-,一般,-,-,転載不可,現況渡し,ICOI不動産事業部,0539-62-9200,34.8868452,137.8142496
310,売地,浜松市天竜区船明３０７１－２,-,2025/07/26,0,6,徒歩4 8分,366.31,所有権,60,-,2種中高,-,-,-,-,-,-,一般,-,-,転載不可,現況渡し,浜北店,053-581-1124,34.8868452,137.8142496
311,売地,浜松市天竜区船明2480-27、2476-1,-,2025/08/01,810,6.03,バス停 浜松市自主運行バス 上臈塚 停歩2分,320.02,所有権,60,-,1種中高,-,-,-,-,-,-,一般,-,-,転載不可,現況渡し,三立木材(株),053-926-1800,34.8826504,137.8200489
312,売地,浜松市天竜区船明88街区画地3画地の一部,-,2025/08/01,810,6.03,-,444.77,所有権,50,-,1種低層,-,-,-,-,-,-,一般,-,-,転載不可,現況渡し,ICOI不動産事業部,0539-62-9200,34.8894051,137.8205067
313,売地,浜松市天竜区船明3084番5の一部,-,2025/08/01,810,4.51,徒歩53分,444.74,所有権,50,-,1種低層,-,-,-,-,-,-,一般,-,-,転載不可,現況渡し,ICOI不動産事業部,0539-62-9200,34.8894051,137.8205067
314,売地,浜松市天竜区山東４４５１－１３ 他２筆,-,2025/07/29,650,5,バス停 天竜区役所 停歩2分,430.16,所有権,60,-,準住居,-,-,-,-,-,-,専任,-,-,転載不可,更地渡し,浜北店,053-581-1124,34.8702499,137.8172586
315,売地,浜松市天竜区山東,-,2025/08/05,97,6.97,-,465.0,所有権,50,-,1種低層,-,-,-,-,-,-,一般,-,-,要確認,現況渡し,(株)マストレ,053-448-5656,34.8853852,137.8377905
316,売地,浜松市天竜区緑恵台,-,2025/08/09,35,3.35,-,296.06,所有権,60,-,無指定,-,-,-,-,-,-,一般,-,-,要確認,現況渡し,高林支店,053-472-5656,34.8654917,137.7976759
317,売地,磐田市大原１４１３－１,-,2025/08/13,980,6.02,バス停 中大原 停歩1分,539.0,所有権,50,-,無指定,-,-,-,-,-,-,一般,-,-,転載不可,現況渡し,磐田店,0538-31-7070,34.6981215,137.866255
318,売地,磐田市大原,-,2025/07/26,2,-,-,539.0,所有権,50,-,無指定,-,-,-,-,-,-,一般,-,-,要確認,現況渡し,(株)マストレ浜松医大前営業所,053-424-7747,34.6943552,137.8649622
319,売地,磐田市大原,-,2025/08/13,998,8.83,-,373.73,所有権,50,-,-,-,-,-,-,-,-,専任,-,-,転載不可,更地渡し,(株)日成,0538-23-2850,34.6943552,137.8649622
320,売地,磐田市鎌田35街区5-1、5-2,-,2025/07/30,98,28.98,東海道本線 御厨 徒歩3分,316.96,所有権,60,-,1種住居,-,-,-,-,-,-,媒介,-,-,転載不可,現況渡し,アソシオ不動産(株),0538-48-6667,34.7139294,137.8896757
321,売地,磐田市鎌田32街区5,-,2025/08/02,0,32,東海道本線 御厨 徒歩2分,385.73,所有権,80,-,近隣商業,-,-,-,-,-,-,媒介,-,-,転載不可,現況渡し,アソシオ不動産(株),0538-48-6667,34.7139294,137.8896757
322,売地,磐田市鎌田３２街区７,-,2025/07/26,50,-,バス停 神明前 停歩6分,643.0,所有権,80,-,近隣商業,-,-,-,-,-,-,専任,-,-,要確認,現況渡し,中東遠支店,0538-36-8851,34.7139294,137.8896757
323,売地,磐田市小島１０７３－１,-,2025/07/26,480,3.75,バス停 小島中村 停歩5分,424.0,所有権,30,-,無指定,-,-,-,-,-,-,一般,-,-,転載不可,更地渡し,磐田中央不動産(株),0538-30-6616,34.681142,137.8370417
324,売地,磐田市小島２７６－８,-,2025/08/08,930,8.99,バス停 長野小学校 停歩4分,342.25,所有権,30,-,無指定,-,-,-,-,-,-,専任,-,-,転載不可,更地渡し,磐田店,0538-31-7070,34.6840666,137.8336407
325,売地,"磐田市匂坂上20-1,20-2,",-,2025/07/29,1200,8.51,バス停 岩田小入口 停歩4分,466.31,所有権,-,-,-,-,-,-,-,-,-,専属専任,-,-,転載不可,相談,(有)遠州拓地,0538-32-2440,34.7696927,137.8349695
326,売地,磐田市匂坂上645-1,-,2025/08/06,4200,8.16,バス停 火ノ見停 停歩9分,1701.87,所有権,60,-,取引態様,-,-,-,-,-,-,媒介,-,-,転載不可,建築条件付,(株)飯田組,053-432-4060,34.7707013,137.8263874
327,売地,磐田市中泉字三ノ宮100番1他,-,2025/08/05,1240,4.71,東海道本線 磐田 徒歩13分,871.99,所有権,60,-,1種中高,-,-,-,-,-,-,媒介,-,-,転載不可,建築条件付,(株)かなめ創建,053-463-5050,34.7108583,137.8501395
328,売地,磐田市長須賀213-1、214-2,-,2025/08/13,700,5.26,-,13.38,所有権,50,-,-,-,-,-,-,-,-,専任,-,-,転載不可,-,(株)日成,0538-23-2850,34.6979556,137.8320198
329,売地,磐田市長須賀１４０－１,-,2025/08/11,900,8.55,東海道本線 豊田町 徒歩25分,348.19,所有権,60,-,-,-,-,-,-,-,-,専任,-,-,要確認,相談,アルファ,053-584-5388,34.7179085,137.8515047
330,売地,磐田市西貝塚1779-1,-,2025/08/04,1800,15.85,東海道本線 御厨 徒歩18分,375.49,所有権,60,-,1種住居,-,-,-,-,-,-,媒介,-,-,転載不可,現況渡し,(株)アエル,0538-39-3223,34.7149339,137.874721
331,売地,磐田市西之島４４４,-,2025/08/05,990,9.96,バス停 西之島上 停歩6分,328.73,所有権,50,-,無指定,-,-,-,-,-,-,一般,-,-,転載不可,更地渡し,磐田店,0538-31-7070,34.7040796,137.8772463
332,売地,磐田市二之宮,-,2025/07/31,1800,6.71,東海道本線 磐田 徒歩13分,887.38,所有権,60,-,無指定,-,-,-,-,-,-,専任,-,-,要確認,更地渡し,浜松仲介チーム,053-451-0525,34.7077799,137.8563151
333,売地,磐田市二之宮,-,2025/08/08,550,15.84,東海道本線 磐田 徒歩9分,1148.0,所有権,60,-,2種住居,-,-,-,-,-,-,一般,-,-,転載不可,現況渡し,浜松損害保険サービス(株),053-459-4180,34.7077799,137.8563151
334,売地,磐田市東新屋333,-,2025/08/01,1500,7.46,東海道本線 御厨 徒歩35分,664.98,所有権,50,-,無指定,-,-,-,-,-,-,媒介,-,-,要確認,現況渡し,三愛土地開発(有),0538-43-4126,34.6982977,137.8894633
335,売地,磐田市東貝塚1032-6,-,2025/08/08,1880,20.86,東海道本線 御厨 徒歩12分,298.02,所有権,70,-,1種住居,-,-,-,-,-,-,専任,-,-,転載不可,現況渡し,ランドホープ,054-252-8989,34.7153668,137.8809955
336,売地,磐田市一言281-1、281-2,-,2025/08/12,1950,6.13,-,1053.0,所有権,60,-,無指定,-,-,-,-,-,-,媒介,-,-,転載不可,更地渡し,(有)ダイア不動産,0538-37-3791,34.7186669,137.8339899
337,売地,磐田市一言,-,2025/08/04,4100,26.15,東海道本線 磐田 徒歩35分,518.41,所有権,60,-,無指定,-,-,-,-,-,-,一般,-,-,転載不可,現況渡し,浜松損害保険サービス(株),053-459-4180,34.7273512,137.835321
338,売地,磐田市見付４７７０－３,-,2025/08/12,700,5.68,東海道本線 磐田 徒歩39分,408.0,所有権,60,-,1種住居,-,-,-,-,-,-,専任,-,-,転載不可,現況渡し,磐田店,0538-31-7070,34.7321161,137.858685
339,売地,磐田市見付398,-,2025/07/28,3190,36,東海道本線 磐田 徒歩33分,292.96,所有権,60,-,準住居,-,-,-,-,-,-,一般,-,-,転載不可,更地渡し,(株)木内不動産,0538-33-9030,34.7259383,137.8643634
340,売地,磐田市見付2320,-,2025/07/27,87,10.87,-,1627.67,所有権,60,-,1種中高,-,-,-,-,-,-,一般,-,-,転載不可,更地渡し,浜松駅南店,053-453-3731,34.7307676,137.857203
341,売地,磐田市見付地脇町1579番8、外,-,2025/07/31,2500,17.22,-,97.0,所有権,60,-,1種中高,-,-,-,-,-,-,一般,-,-,転載不可,-,センチュリー21中央不動産磐田店,0538-39-0500,34.7279258,137.859914
342,売地,磐田市明ケ島１１３１－１、１１３１－３,-,2025/08/14,1200,2.26,バス停 東大久保（静岡県） 停歩4分,1758.03,所有権,60,-,無指定,-,-,-,-,-,-,一般,-,-,転載不可,相談,磐田店,0538-31-7070,34.7303082,137.8933837
343,売地,磐田市向笠竹之内424-1,-,2025/08/04,250,1.45,-,573.47,所有権,60,-,-,-,-,-,-,-,-,媒介,-,-,転載不可,現況渡し,(株)にわとり不動産,053-569-1122,34.7623189,137.8748462
344,売地,磐田市水堀２１３、２１４、２１５－２,-,2025/08/08,2516,30,東海道本線 磐田 徒歩39分,277.28,所有権,50,-,1種低層,-,-,-,-,-,-,一般,-,-,転載不可,現況渡し,磐田店,0538-31-7070,34.7358125,137.8506326
345,売地,磐田市海老島,-,2025/07/30,14,6.14,-,372.0,所有権,30,-,無指定,-,-,-,-,-,-,一般,-,-,要確認,現況渡し,高林支店,053-472-5656,34.6769984,137.8266788
346,売地,磐田市海老塚,-,2025/08/08,3700,5.84,東海道本線 磐田 徒歩23分,2098.0,所有権,60,-,無指定,-,-,-,-,-,-,一般,-,-,転載不可,現況渡し,浜松損害保険サービス(株),053-459-4180,34.7050096,137.8390253
347,売地,磐田市上神増649番1,-,2025/08/01,0,5,徒歩29分,337.0,所有権,50,-,無指定,-,-,-,-,-,-,一般,-,-,転載不可,現況渡し,ICOI不動産事業部,0539-62-9200,34.8225815,137.8451996
348,売地,磐田市上神増2249番1,-,2025/08/01,700,5.73,徒歩18分,404.0,所有権,50,-,無指定,-,-,-,-,-,-,専任,-,-,転載不可,現況渡し,ICOI不動産事業部,0539-62-9200,34.8266887,137.8443347
349,売地,磐田市上神増2091番11、2091番13,-,2025/08/01,947,11.11,徒歩17分,282.0,所有権,50,-,無指定,-,-,-,-,-,-,一般,-,-,転載不可,現況渡し,ICOI不動産事業部,0539-62-9200,34.8272188,137.8436773
350,売地,磐田市上神増1747-1、1748-1の一部,-,2025/07/28,10,-,-,400.0,所有権,30,-,無指定,-,-,-,-,-,-,専任,-,-,転載不可,更地渡し,浜松駅南店,053-453-3731,34.8225815,137.8451996
351,売地,磐田市上神増853-1、853-3,-,2025/08/05,1100,9.43,バス停 慈眼寺入口 停歩3分,385.94,所有権,60,-,無指定,-,-,-,-,-,-,一般,-,-,要確認,現況渡し,豊田肥料(株),0538-42-4114,34.8184338,137.8476131
352,売地,磐田市上神増707番3、699番6,-,2025/08/01,1300,7.38,徒歩33分,582.88,所有権,50,-,-,-,-,-,-,-,-,一般,-,-,転載不可,現況渡し,ICOI不動産事業部,0539-62-9200,34.81878260000001,137.8479627
353,売地,磐田市上神増２１１１－１,-,2025/08/06,1936,11,-,581.85,所有権,60,-,無指定,-,-,-,-,-,-,媒介,-,-,要確認,現況渡し,アート地建(株),053-528-7605,34.825765,137.8444992
354,売地,磐田市上野部1237番12,-,2025/08/04,300,2.86,-,346.86,所有権,50,-,-,-,-,-,-,-,-,媒介,-,-,転載不可,相談,(株)アエル,0538-39-3223,34.8457615,137.8336559
355,売地,磐田市上野部1530番9の一部、1530番17の一部,-,2025/08/01,551,4.5,徒歩13分,404.83,所有権,50,-,無指定,-,-,-,-,-,-,一般,-,-,転載不可,現況渡し,ICOI不動産事業部,0539-62-9200,34.837209,137.8330843
356,売地,磐田市上野部1819番1,-,2025/08/01,575,4.89,徒歩8分,389.0,所有権,50,-,無指定,-,-,-,-,-,-,一般,-,-,転載不可,現況渡し,ICOI不動産事業部,0539-62-9200,34.8490056,137.8377905
357,売地,磐田市上野部1614番1の一部,-,2025/08/01,680,7.07,徒歩9分,318.22,所有権,50,-,無指定,-,-,-,-,-,-,一般,-,-,転載不可,現況渡し,ICOI不動産事業部,0539-62-9200,34.8367372,137.8353787
358,売地,磐田市加茂1186,-,2025/08/04,1380,9.43,東海道本線 豊田町 徒歩4 2分,484.0,所有権,30,-,-,-,-,-,-,-,-,専任,-,-,転載不可,相談,(株)にわとり不動産,053-569-1122,34.7343645,137.8303825
359,売地,磐田市加茂1244,-,2025/08/08,1850,13.51,東海道本線 豊田町 徒歩4 0分,452.87,所有権,60,-,無指定,-,-,-,-,-,-,一般,-,-,要確認,更地渡し,富士ヶ丘サービス(株),0538-31-3308,34.7380918,137.8210713
360,売地,磐田市加茂1244-1,-,2025/07/28,1990,14.53,東海道本線 豊田町 徒歩39分,452.87,所有権,50,-,無指定,-,-,-,-,-,-,一般,-,-,転載不可,更地渡し,(株)木内不動産,0538-33-9030,34.7380918,137.8210713
361,売地,磐田市駒場3879-9,-,2025/07/29,300,3.72,-,267.15,所有権,50,-,無指定,-,-,-,-,-,-,一般,-,-,要確認,更地渡し,島田掛川パートナーズ(株),0547-39-5588,34.656321,137.8145742
362,売地,磐田市駒場,-,2025/07/30,28,6.28,-,316.31,所有権,60,-,工業地域,-,-,-,-,-,-,一般,-,-,要確認,更地渡し,(株)マストレ,053-448-5656,34.654342,137.8081645
363,売地,磐田市敷地657番5、654番1 外11筆,-,2025/08/01,1030,0.78,徒歩11分,4402.01,所有権,60,-,無指定,-,-,-,-,-,-,一般,-,-,転載不可,更地渡し,ICOI不動産事業部,0539-62-9200,34.8327679,137.8618199
364,売地,磐田市新開422番1、424番1,-,2025/08/01,1151,8.39,徒歩7分,454.03,所有権,50,-,無指定,-,-,-,-,-,-,一般,-,-,転載不可,現況渡し,ICOI不動産事業部,0539-62-9200,34.8356621,137.8433376
365,売地,"磐田市飛平松109-5,109-8",-,2025/08/06,632,7.18,バス停 遠鉄バス・中平松バス停 停歩10分,291.23,所有権,60,-,無指定,-,-,-,-,-,-,専任,-,-,転載不可,現況渡し,アースデイ不動産,053-441-2103,34.6664387,137.8272961
366,売地,磐田市豊岡984-3 1004-1,-,2025/08/05,45,0.45,バス停 竜洋変電所北 停歩15分,424.0,所有権,-,-,取引態様,-,-,-,-,-,-,専属専任,-,-,転載不可,現況渡し,(有)祥行開発,053-596-1811,34.6857988,137.8044624
367,売地,磐田市豊岡西堀1009,-,2025/08/05,133,0.71,バス停 竜洋変電所北 停歩15分,627.0,所有権,-,-,無指定,-,-,-,-,-,-,専属専任,-,-,転載不可,現況渡し,(有)祥行開発,053-596-1811,34.6966624,137.8031046
368,売地,磐田市豊岡西堀1037 1041,-,2025/08/05,50,0.5,バス停 竜洋変電所北 停歩15分,1609.0,所有権,-,-,-,-,-,-,-,-,-,専属専任,-,-,転載不可,現況渡し,(有)祥行開発,053-596-1811,34.6966624,137.8031046
369,売地,磐田市豊浜637‐1、637-2,-,2025/08/02,980,5.08,バス停 豊浜 徒歩13分,638.01,所有権,60,-,-,-,-,-,-,-,-,一般,-,-,転載不可,更地渡し,第一伊藤建設(株),053-457-1181,34.6781946,137.903565
370,売地,磐田市長森109,-,2025/08/08,1890,14.14,東海道本線 豊田町 徒歩18分,442.0,所有権,50,-,-,-,-,-,-,-,-,一般,-,-,転載不可,相談,沼津店,055-929-8855,34.7225137,137.8150656
371,売地,磐田市平松516番1,-,2025/08/01,735,4.5,バス停 遠鉄バス 平松上停 停歩1分,540.0,所有権,50,-,無指定,-,-,-,-,-,-,専任,-,-,要確認,現況渡し,ICOI不動産事業部,0539-62-9200,34.7992153,137.8464345
372,売地,磐田市平松352-2,-,2025/08/01,110,7.27,-,500.61,所有権,60,-,-,-,-,-,-,-,-,媒介,-,-,要確認,更地渡し,(株)アスティア,053-543-9988,34.7981516,137.8446456
373,売地,磐田市福田,-,2025/08/03,150,1.12,-,443.0,所有権,60,-,1種住居,-,-,-,-,-,-,専任,-,-,転載不可,相談,(株)アーガス,0537-21-7777,34.6693172,137.8850309
374,売地,磐田市福田478-3,-,2025/08/12,0,3,-,265.0,所有権,60,-,無指定,-,-,-,-,-,-,一般,-,-,転載不可,現況渡し,(株)リデコ,053-488-4537,34.6833587,137.8801015
375,売地,磐田市福田５４９５－１１,-,2025/08/10,300,3.25,バス停 東橋 停歩7分,305.53,所有権,60,-,工業地域,-,-,-,-,-,-,専任,-,-,転載不可,現況渡し,磐田店,0538-31-7070,34.66989830000001,137.8878603
376,売地,磐田市福田２４７０－１,-,2025/08/12,480,5.9,バス停 東脇南 停歩4分,269.0,所有権,60,-,2種住居,-,-,-,-,-,-,一般,-,-,転載不可,相談,磐田店,0538-31-7070,34.6781506,137.8872396
377,売地,磐田市福田2470,-,2025/08/09,90,5.9,-,269.0,所有権,60,-,2種住居,-,-,-,-,-,-,一般,-,-,転載可,現況渡し,FirstGlass(株),054-295-5344,34.6781506,137.8872396
378,売地,磐田市福田3530-6,-,2025/08/08,500,3.77,東海道本線 御厨 徒歩6 6分,439.0,所有権,60,-,1種住居,-,-,-,-,-,-,一般,-,-,転載不可,現況渡し,浜松損害保険サービス(株),053-459-4180,34.6693172,137.8850309
379,売地,磐田市福田5435,-,2025/08/11,620,3.95,東海道本線 磐田 徒歩6 8分,520.0,所有権,60,-,1種住居,-,-,-,-,-,-,一般,-,-,転載可,更地渡し,富士ヶ丘サービス(株),0538-31-3308,34.6679653,137.8793729
380,売地,磐田市福田5046,-,2025/08/01,700,6.31,-,366.77,所有権,70,-,1種住居,-,-,-,-,-,-,媒介,-,-,要確認,更地渡し,(株)丸玉,053-421-7360,34.6695417,137.881955
381,売地,磐田市福田350-14,-,2025/08/13,725,9.01,-,266.14,所有権,60,-,1種住居,-,-,-,-,-,-,専任,-,-,転載不可,更地渡し,(株)日成,0538-23-2850,34.68144460000001,137.8844244
382,売地,"磐田市福田5154-1,5154-8",-,2025/08/06,0,6,-,533.67,所有権,60,-,1種住居,-,-,-,-,-,-,一般,-,-,転載可,現況渡し,不動産事業部,0538-33-2313,34.6708215,137.8846511
383,売地,磐田市福田,-,2025/08/08,1020,11.69,東海道本線 磐田 徒歩6 5分,288.62,所有権,70,-,1種住居,-,-,-,-,-,-,一般,-,-,転載不可,現況渡し,浜松損害保険サービス(株),053-459-4180,34.6693172,137.8850309
384,売地,磐田市福田320-1,-,2025/08/08,1190,5.85,東海道本線 御厨 徒歩53分,673.0,所有権,60,-,1種住居,-,-,-,-,-,-,一般,-,-,転載不可,現況渡し,浜松損害保険サービス(株),053-459-4180,34.6693172,137.8850309
385,売地,磐田市福田,-,2025/08/14,0,5,バス停 港町公民館 停歩4分,906.87,所有権,60,-,1種住居,-,-,-,-,-,-,一般,-,-,転載不可,現況渡し,磐田店,0538-31-7070,34.6693172,137.8850309
386,売地,磐田市福田,-,2025/08/13,99,7.99,東海道本線 御厨 徒歩55分,1077.0,所有権,60,-,1種住居,-,-,-,-,-,-,一般,-,-,転載不可,現況渡し,浜松損害保険サービス(株),053-459-4180,34.6693172,137.8850309
387,売地,磐田市福田,-,2025/08/08,3000,7.01,東海道本線 磐田 徒歩6 8分,1415.53,所有権,60,-,1種住居,-,-,-,-,-,-,一般,-,-,転載不可,現況渡し,浜松損害保険サービス(株),053-459-4180,34.6693172,137.8850309
388,売地,磐田市福田中島８２９,-,2025/08/13,0,8,バス停 第一公園 停歩3分,281.28,所有権,60,-,1種住居,-,-,-,-,-,-,一般,-,-,転載不可,現況渡し,磐田店,0538-31-7070,34.6736592,137.8699039
389,売地,磐田市福田中島466-1、466-2、469-1、470-3,-,2025/08/05,0,4,バス停 庄内新田 停歩10分,681.23,所有権,-,-,-,-,-,-,-,-,-,一般,-,-,転載不可,現況渡し,第一伊藤建設(株),053-457-1181,34.6814525,137.8688375
390,売地,磐田市福田中島８０，８１,-,2025/08/01,900,6.56,バス停 中島東（静岡県） 停歩2分,453.92,所有権,50,-,無指定,-,-,-,-,-,-,専任,-,-,転載不可,更地渡し,磐田店,0538-31-7070,34.6736592,137.8699039
391,売地,磐田市福田中島637-1,-,2025/07/28,900,3.06,-,973.0,所有権,60,-,1種住居,-,-,-,-,-,-,一般,-,-,転載不可,現況渡し,(株)木内不動産,0538-33-9030,34.6736592,137.8699039
392,売地,磐田市福田中島669-1,-,2025/08/06,47,6.47,-,501.0,所有権,60,-,1種住居,-,-,-,-,-,-,売主,-,-,転載可,現況渡し,(株)愛野土地開発,0537-29-7570,34.6736592,137.8699039
393,売地,磐田市福田中島８３６－１,-,2025/08/04,1000,3.98,バス停 第一公園 停歩4分,832.64,所有権,60,-,1種住居,-,-,-,-,-,-,一般,-,-,転載不可,更地渡し,中東遠支店,0538-36-8851,34.6769377,137.8743991
394,売地,磐田市福田中島800-1,-,2025/08/12,0,5,-,1625.56,所有権,60,-,1種住居,-,-,-,-,-,-,一般,-,-,転載不可,更地渡し,(有)ダイア不動産,0538-37-3791,34.6779526,137.8758247
395,売地,磐田市福田中島,-,2025/07/27,5000,5.4,東海道本線 磐田 徒歩54分,3063.0,所有権,60,-,1種住居,-,-,-,-,-,-,一般,-,-,転載不可,更地渡し,浜松損害保険サービス(株),053-459-4180,34.6736592,137.8699039
396,売地,磐田市松本234-1,-,2025/08/03,1800,8.54,-,697.0,所有権,60,-,1種住居,-,-,-,-,-,-,専任,-,-,転載不可,更地渡し,浜松東店,053-467-6700,34.6946001,137.8050794
397,売地,磐田市南島36,-,2025/07/28,1,-,東海道本線 御厨 徒歩38分,275.0,所有権,60,-,無指定,-,-,-,-,-,-,一般,-,-,転載不可,現況渡し,(株)木内不動産,0538-33-9030,34.6896663,137.8834962
398,売地,掛川市印内19-1,-,2025/08/09,1400,12.02,-,385.04,所有権,60,-,1種住居,-,-,-,-,-,-,専任,-,-,要確認,現況渡し,(有)サンケイ開発,0537-22-0366,34.7754204,138.0309162
399,売地,掛川市大多郎126-1,-,2025/07/29,990,8.73,-,375.12,所有権,60,-,1種中高,-,-,-,-,-,-,一般,-,-,転載可,現況渡し,ランドデザイン(株),0537-29-6585,34.78605090000001,138.0269261
400,売地,掛川市岡津356,-,2025/08/12,890,4.22,-,100.08,所有権,60,-,無指定,-,-,-,-,-,-,代理,-,-,転載不可,-,ウイングホーム(株),0537-36-3425,34.77184030000001,137.9700737
401,売地,掛川市各和,-,2025/07/29,765,5.89,-,430.0,所有権,60,-,無指定,-,-,-,-,-,-,一般,-,-,転載不可,更地渡し,(株)アーガス,0537-21-7777,34.7751117,137.9589345
402,売地,掛川市掛川1035-7,-,2025/08/09,900,10.47,-,284.41,所有権,80,-,2種低層,-,-,-,-,-,-,専任,-,-,転載不可,現況渡し,(有)サンケイ開発,0537-22-0366,34.7765903,138.0193383
403,売地,掛川市上内田892,-,2025/08/09,653,7.5,-,288.0,所有権,60,-,無指定,-,-,-,-,-,-,専任,-,-,転載不可,更地渡し,(有)サンケイ開発,0537-22-0366,34.7488787,138.0481132
404,売地,掛川市倉真300,-,2025/08/09,280,1.98,-,469.0,所有権,60,-,-,-,-,-,-,-,-,専任,-,-,転載不可,現況渡し,(有)サンケイ開発,0537-22-0366,34.8434121,138.0505925
405,売地,掛川市高御所1690,-,2025/08/09,1615,20,-,267.0,所有権,60,-,工業地域,-,-,-,-,-,-,専任,-,-,転載不可,現況渡し,(有)サンケイ開発,0537-22-0366,34.7574069,137.9898825
406,売地,掛川市子隣175-18,-,2025/08/09,685,6.85,-,331.0,所有権,60,-,無指定,-,-,-,-,-,-,専任,-,-,転載不可,現況渡し,(有)サンケイ開発,0537-22-0366,34.7408526,138.040669
407,売地,掛川市子隣,-,2025/08/06,850,3.87,バス停 子隣 停歩2分,726.35,所有権,60,-,無指定,-,-,-,-,-,-,専任,-,-,転載不可,更地渡し,(株)アーガス,0537-21-7777,34.7405661,138.0419154
408,売地,掛川市五明407-2,-,2025/08/09,975,4.74,-,681.35,所有権,60,-,無指定,-,-,-,-,-,-,売主,-,-,転載不可,更地渡し,(有)サンケイ開発,0537-22-0366,34.803419,138.0060788
409,売地,掛川市下垂木１０６７－１,-,2025/08/09,890,10.39,徒歩20分,283.29,所有権,40,-,1種低層,-,-,-,-,-,-,専任,-,-,転載不可,更地渡し,袋井店,0538-31-8711,34.7839206,137.9859937
410,売地,掛川市下垂木２１９２－２７,-,2025/07/26,1300,15.15,徒歩12分,283.72,所有権,50,-,1種低層,-,-,-,-,-,-,専任,-,-,転載不可,更地渡し,中東遠支店,0538-36-8851,34.7801676,137.9798797
411,売地,掛川市下垂木,-,2025/08/11,2498,11,徒歩6分,751.0,所有権,60,-,1種中高,-,-,-,-,-,-,専任,-,-,転載不可,相談,(株)アーガス,0537-21-7777,34.7876715,137.9857685
412,売地,掛川市下俣458,-,2025/08/09,112,10.01,-,370.6,所有権,60,-,工業専用,-,-,-,-,-,-,専任,-,-,転載不可,現況渡し,(有)サンケイ開発,0537-22-0366,34.75351029999999,138.0022667
413,売地,掛川市杉谷414-7,-,2025/07/30,1000,7.01,東海道本線 掛川 徒歩33分,472.0,所有権,60,-,-,-,-,-,-,-,-,専任,-,-,転載不可,現況渡し,(株)丸久不動産,053-543-9000,34.7627164,138.0359681
414,売地,掛川市杉谷２丁目390,-,2025/08/09,3550,17.99,-,652.62,所有権,60,-,1種住居,-,-,-,-,-,-,専任,-,-,転載不可,現況渡し,(有)サンケイ開発,0537-22-0366,34.7656377,138.0350987
415,売地,掛川市薗ケ谷151-1,-,2025/08/06,643,3.76,-,566.81,所有権,60,-,無指定,-,-,-,-,-,-,一般,-,-,転載不可,更地渡し,(株)平和堂土地,054-255-8227,34.7849246,138.0436065
416,売地,掛川市満水377-1,-,2025/08/09,747,8,-,309.0,所有権,60,-,-,-,-,-,-,-,-,専任,-,-,転載不可,現況渡し,(有)サンケイ開発,0537-22-0366,34.7719078,138.0543668
417,売地,掛川市満水623-1,-,2025/08/09,1000,6.67,-,496.0,所有権,60,-,-,-,-,-,-,-,-,専任,-,-,転載不可,更地渡し,(有)サンケイ開発,0537-22-0366,34.7730424,138.0437515
418,売地,掛川市伊達方553-1,-,2025/08/09,559,6,-,308.0,所有権,60,-,無指定,-,-,-,-,-,-,一般,-,-,転載不可,現況渡し,(有)サンケイ開発,0537-22-0366,34.7800404,138.0679507
419,売地,掛川市伊達方1183-1,-,2025/08/09,77,9.77,-,316.83,所有権,60,-,無指定,-,-,-,-,-,-,専任,-,-,転載不可,現況渡し,(有)サンケイ開発,0537-22-0366,34.78171830000001,138.0598715
420,売地,掛川市中央２丁目１７－２,-,2025/08/01,2440,26.15,東海道本線 掛川 徒歩14分,308.5,所有権,70,-,2種中高,-,-,-,-,-,-,専任,-,-,転載不可,更地渡し,掛川店・掛川住宅プラザ,0537-23-5103,34.7720673,138.0064091
421,売地,掛川市富部,-,2025/08/08,500,3.47,徒歩6分,477.0,所有権,60,-,1種中高,-,-,-,-,-,-,専任,-,-,転載不可,更地渡し,(株)アーガス,0537-21-7777,34.7809559,137.9700737
422,売地,掛川市西山,-,2025/08/02,1000,3.92,徒歩9分,845.0,所有権,60,-,無指定,-,-,-,-,-,-,専任,-,-,転載不可,相談,(株)アーガス,0537-21-7777,34.8079948,137.9477975
423,売地,掛川市本郷730,-,2025/08/09,1969,10,-,651.0,所有権,60,-,無指定,-,-,-,-,-,-,専任,-,-,転載不可,現況渡し,(有)サンケイ開発,0537-22-0366,34.8070079,137.9589345
424,売地,掛川市本郷61,-,2025/07/30,2500,2.57,-,254.15,所有権,60,-,無指定,-,-,-,-,-,-,一般,-,-,要確認,-,アソシオ不動産(株),0538-48-6667,34.8070079,137.9589345
425,売地,掛川市水垂730,-,2025/08/07,0,8.59,-,423.33,所有権,60,-,無指定,-,-,-,-,-,-,売主,-,-,転載不可,現況渡し,(株)愛野土地開発,0537-29-7570,34.7896168,138.0252062
426,売地,掛川市宮脇,-,2025/07/26,950,10.34,-,304.0,所有権,30,-,1種低層,-,-,-,-,-,-,専任,-,-,転載不可,更地渡し,(株)アーガス,0537-21-7777,34.7842856,138.0320005
427,売地,掛川市宮脇910-7,-,2025/08/09,1195,12.01,東海道本線 掛川 徒歩34分,329.0,所有権,30,-,1種低層,-,-,-,-,-,-,専任,-,-,要確認,現況渡し,(有)サンケイ開発,0537-22-0366,34.78483790000001,138.0306402
428,売地,掛川市谷の口町74,-,2025/08/12,25,11.25,-,940.58,所有権,50,-,1種低層,-,-,-,-,-,-,媒介,-,-,転載不可,相談,(株)不動産ビレッジ,0537-21-6300,34.7842762,138.0137247
429,売地,掛川市吉岡774,-,2025/08/09,435,4.78,-,301.0,所有権,60,-,無指定,-,-,-,-,-,-,専任,-,-,転載不可,現況渡し,(有)サンケイ開発,0537-22-0366,34.793712,137.9490349
430,売地,掛川市吉岡７７４,-,2025/07/31,435,4.78,徒歩18分,301.0,所有権,60,-,無指定,-,-,-,-,-,-,一般,-,-,転載不可,現況渡し,掛川店・掛川住宅プラザ,0537-23-5103,34.793712,137.9490349
431,売地,掛川市吉岡,-,2025/08/06,110,6.94,徒歩25分,524.29,所有権,60,-,無指定,-,-,-,-,-,-,一般,-,-,要確認,現況渡し,(株)マストレ,053-448-5656,34.793712,137.9490349
432,売地,掛川市吉岡,-,2025/07/28,1277,5.01,徒歩25分,844.0,所有権,60,-,無指定,-,-,-,-,-,-,一般,-,-,転載不可,相談,(株)アーガス,0537-21-7777,34.793712,137.9490349
433,売地,掛川市吉岡,-,2025/07/29,1332,6,徒歩17分,734.0,所有権,60,-,無指定,-,-,-,-,-,-,専任,-,-,転載不可,相談,(株)アーガス,0537-21-7777,34.793712,137.9490349
434,売地,掛川市領家３６－１、３５－１,-,2025/07/26,68,15.68,-,1223.0,所有権,60,-,工業地域,-,-,-,-,-,-,一般,-,-,転載不可,相談,事業用不動産流通グループ,053-488-8811,34.7648142,137.9750252
435,売地,掛川市久保２丁目,-,2025/08/02,2620,25.14,東海道本線 掛川 徒歩13分,344.61,所有権,60,-,1種住居,-,-,-,-,-,-,専任,-,-,転載不可,相談,(株)アーガス,0537-21-7777,34.7637933,138.0090793
436,売地,掛川市久保２丁目１７,-,2025/08/09,3480,23.98,バス停 亀の甲二丁目 停歩2分,479.83,所有権,60,-,工業地域,-,-,-,-,-,-,一般,-,-,転載不可,現況渡し,高台店,053-437-1976,34.7654022,138.0077069
437,売地,掛川市南２丁目２４－３,-,2025/08/11,300,3.48,東海道本線 掛川 徒歩9分,285.13,所有権,60,-,1種住居,-,-,-,-,-,-,一般,-,-,転載不可,現況渡し,掛川店・掛川住宅プラザ,0537-23-5103,34.7667071,138.0196675
438,売地,掛川市二瀬川,-,2025/08/08,5000,10.01,徒歩10分,1652.87,所有権,60,-,準工業,-,-,-,-,-,-,一般,-,-,転載不可,現況渡し,浜松損害保険サービス(株),053-459-4180,34.7766181,138.0016474
439,売地,掛川市大坂1580-31,-,2025/08/08,0,1.24,-,564.17,所有権,60,-,2種中高,-,-,-,-,-,-,一般,-,-,転載可,現況渡し,(有)ワクダ総合企画,0537-72-6044,34.6697758,138.0394104
440,売地,掛川市大坂5261-1,-,2025/08/08,400,1,-,1326.0,所有権,60,-,無指定,-,-,-,-,-,-,一般,-,-,要確認,現況渡し,(有)ワクダ総合企画,0537-72-6044,34.6698829,138.0454266
441,売地,掛川市大坂2049-1,-,2025/08/08,400,3.52,-,376.0,所有権,60,-,無指定,-,-,-,-,-,-,専任,-,-,要確認,現況渡し,(有)ワクダ総合企画,0537-72-6044,34.6698829,138.0454266
442,売地,掛川市大坂1892-1,-,2025/08/08,44,4.44,-,335.8,所有権,60,-,無指定,-,-,-,-,-,-,専任,-,-,転載可,現況渡し,(有)ワクダ総合企画,0537-72-6044,34.6698428,138.0357663
443,売地,掛川市大坂2698,-,2025/08/08,0,6.25,-,291.0,所有権,60,-,無指定,-,-,-,-,-,-,一般,-,-,要確認,現況渡し,(有)ワクダ総合企画,0537-72-6044,34.6698829,138.0454266
444,売地,掛川市大坂1027-3,-,2025/08/08,605,5.01,-,400.0,所有権,60,-,1種住居,-,-,-,-,-,-,専任,-,-,要確認,現況渡し,(有)ワクダ総合企画,0537-72-6044,34.669397,138.0449307
445,売地,掛川市大坂2998-1,-,2025/07/29,650,3.9,-,552.0,所有権,60,-,無指定,-,-,-,-,-,-,媒介,-,-,転載不可,現況渡し,掛川支社,0537-25-7211,34.6698829,138.0454266
446,売地,掛川市大坂1573-2,-,2025/08/10,0,6,-,401.32,所有権,60,-,1種住居,-,-,-,-,-,-,一般,-,-,転載不可,現況渡し,SMD不動産(株),053-401-4235,34.6700474,138.0393003
447,売地,掛川市大坂6708-3,-,2025/07/31,49,6.49,-,397.88,所有権,60,-,無指定,-,-,-,-,-,-,一般,-,-,要確認,更地渡し,浜松仲介チーム,053-451-0525,34.6763059,138.0507602
448,売地,掛川市大坂,-,2025/07/31,800,6.36,-,416.0,所有権,50,-,1種低層,-,-,-,-,-,-,専任,-,-,転載不可,現況渡し,(株)アーガス,0537-21-7777,34.6698829,138.0454266
449,売地,掛川市大坂5629-1,-,2025/08/08,0,2.05,-,2910.0,所有権,60,-,無指定,-,-,-,-,-,-,一般,-,-,要確認,現況渡し,(有)ワクダ総合企画,0537-72-6044,34.6698829,138.0454266
450,売地,掛川市大渕,-,2025/08/13,77,4.77,-,340.03,所有権,60,-,無指定,-,-,-,-,-,-,一般,-,-,要確認,更地渡し,(株)マストレ,053-448-5656,34.6832229,138.0059825
451,売地,掛川市大渕5652,-,2025/08/09,495,4.56,-,358.98,所有権,60,-,無指定,-,-,-,-,-,-,専任,-,-,転載不可,現況渡し,(有)サンケイ開発,0537-22-0366,34.6832229,138.0059825
452,売地,掛川市大渕5652-1,-,2025/08/09,515,5.19,-,328.33,所有権,60,-,無指定,-,-,-,-,-,-,専任,-,-,転載不可,現況渡し,(有)サンケイ開発,0537-22-0366,34.6832229,138.0059825
453,売地,掛川市大渕,-,2025/08/13,750,4.35,-,80.77,所有権,60,-,無指定,-,-,-,-,-,-,専任,-,-,転載不可,-,(株)日成,0538-23-2850,34.6832229,138.0059825
454,売地,掛川市大渕字野中10318番1,-,2025/07/29,1180,8.44,バス停 遠鉄バス・横須賀車庫 停歩3分,462.3,所有権,60,-,2種住居,-,-,-,-,-,-,専任,-,-,転載不可,更地渡し,(有)東邦宅建,053-434-8339,34.67584009999999,138.0024127
455,売地,掛川市小貫1498-1,-,2025/08/08,10,-,-,317.0,所有権,60,-,無指定,-,-,-,-,-,-,専任,-,-,要確認,更地渡し,(有)ワクダ総合企画,0537-72-6044,34.7187928,138.0443944
456,売地,"掛川市下土方1612-1,1612-2,1612-3",-,2025/08/07,300,2.38,-,418.0,所有権,60,-,無指定,-,-,-,-,-,-,媒介,-,-,転載不可,現況渡し,(株)ライフイン企画,0537-73-6262,34.6965902,138.0431549
457,売地,掛川市下土方,-,2025/08/02,350,4.37,バス停 土方 停歩4分,265.28,所有権,60,-,無指定,-,-,-,-,-,-,専任,-,-,転載不可,相談,(株)アーガス,0537-21-7777,34.6965902,138.0431549
458,売地,掛川市下土方,-,2025/08/02,750,1.84,-,1347.88,所有権,60,-,無指定,-,-,-,-,-,-,専任,-,-,転載不可,相談,(株)アーガス,0537-21-7777,34.6965902,138.0431549
459,売地,掛川市高瀬,-,2025/07/27,500,5.73,-,288.67,所有権,60,-,無指定,-,-,-,-,-,-,一般,-,-,転載不可,相談,(株)アーガス,0537-21-7777,34.7285394,138.0431549
460,売地,掛川市高瀬2105,-,2025/08/09,800,9.17,-,288.67,所有権,60,-,無指定,-,-,-,-,-,-,専任,-,-,転載不可,現況渡し,(有)サンケイ開発,0537-22-0366,34.7213937,138.0518932
461,売地,掛川市中935-1,-,2025/07/29,770,5,-,510.0,所有権,60,-,無指定,-,-,-,-,-,-,媒介,-,-,転載不可,現況渡し,掛川支社,0537-25-7211,34.6814212,138.0648174
462,売地,"掛川市中880-1,881-11",-,2025/08/06,110,4.39,-,828.61,所有権,60,-,-,-,-,-,-,-,-,媒介,-,-,転載可,相談,駅南センターアーバンクリエイト,0537-21-5588,34.6866704,138.0629907
463,売地,掛川市中方2402-1,-,2025/08/08,91,5.91,-,978.94,所有権,60,-,無指定,-,-,-,-,-,-,売主,-,-,転載可,更地渡し,(有)ワクダ総合企画,0537-72-6044,34.7072385,138.0581666
464,売地,掛川市西大渕7347-2,-,2025/07/30,350,3.8,バス停 藤塚 停歩1分,304.99,所有権,60,-,無指定,-,-,-,-,-,-,媒介,-,-,転載不可,現況渡し,アソシオ不動産(株),0538-48-6667,34.7170021,137.9959847
465,売地,掛川市西大渕,-,2025/08/12,400,3.36,-,393.8,所有権,60,-,無指定,-,-,-,-,-,-,一般,-,-,転載不可,相談,(株)アーガス,0537-21-7777,34.6756257,137.9823679
466,売地,掛川市西大渕,-,2025/08/03,450,3.55,バス停 大須賀支所 停歩9分,419.42,所有権,50,-,1種低層,-,-,-,-,-,-,一般,-,-,転載不可,更地渡し,(株)アーガス,0537-21-7777,34.6756257,137.9823679
467,売地,掛川市西大渕５６７０－１２,-,2025/08/01,480,5.83,バス停 東番町 停歩7分,272.24,所有権,60,-,1種中高,-,-,-,-,-,-,専任,-,-,転載不可,現況渡し,掛川店・掛川住宅プラザ,0537-23-5103,34.683401,137.9866516
468,売地,掛川市浜川新田356-1,-,2025/08/05,485,5.82,-,275.85,所有権,60,-,無指定,-,-,-,-,-,-,専任,-,-,転載不可,現況渡し,(株)プラスワン,0537-85-6550,34.6619845,138.0515826
469,売地,掛川市浜野新田842-1,-,2025/08/08,77,0.77,-,429.64,所有権,60,-,無指定,-,-,-,-,-,-,専任,-,-,転載可,現況渡し,(有)ワクダ総合企画,0537-72-6044,34.6679268,138.0389911
470,売地,掛川市浜野新田571-2,-,2025/08/08,0,5,-,387.26,所有権,60,-,無指定,-,-,-,-,-,-,一般,-,-,要確認,現況渡し,(有)ワクダ総合企画,0537-72-6044,34.6678424,138.0358146
471,売地,掛川市三俣2-6,-,2025/08/08,360,3,-,398.0,所有権,60,-,無指定,-,-,-,-,-,-,専任,-,-,転載可,更地渡し,(有)ワクダ総合企画,0537-72-6044,34.6665695,138.0498845
472,売地,掛川市山崎,-,2025/08/02,480,4.67,-,340.48,所有権,60,-,無指定,-,-,-,-,-,-,一般,-,-,転載不可,更地渡し,(株)アーガス,0537-21-7777,34.7013986,137.9787391
473,売地,掛川市横須賀,-,2025/08/05,310,3.43,-,299.2,所有権,60,-,2種住居,-,-,-,-,-,-,専任,-,-,転載不可,相談,(株)アーガス,0537-21-7777,34.7026758,137.9898825
474,売地,掛川市横須賀1401-6,-,2025/07/30,650,4.08,-,527.45,所有権,60,-,無指定,-,-,-,-,-,-,一般,-,-,要確認,現況渡し,HOME(株),054-202-8166,34.6805197,137.9819096
475,売地,掛川市横須賀３９１，５３６１,-,2025/08/14,70,5.7,バス停 西田町 停歩5分,474.21,所有権,60,-,1種住居,-,-,-,-,-,-,専任,-,-,転載不可,現況渡し,平成不動産,0537-48-0576,34.7026758,137.9898825
476,売地,掛川市横須賀,-,2025/08/13,1000,5.12,-,646.0,所有権,60,-,1種住居,-,-,-,-,-,-,一般,-,-,転載不可,更地渡し,(株)日成,0538-23-2850,34.7026758,137.9898825
477,売地,掛川市杉谷南１丁目,-,2025/07/31,0,14,-,269.81,所有権,60,-,1種住居,-,-,-,-,-,-,専任,-,-,転載不可,相談,(株)アーガス,0537-21-7777,34.7625051,138.0276633
478,売地,掛川市和光２丁目３－１０,-,2025/07/31,1650,19.14,東海道本線 掛川 徒歩27分,285.0,所有権,50,-,1種中高,-,-,-,-,-,-,専任,-,-,転載不可,更地渡し,掛川店・掛川住宅プラザ,0537-23-5103,34.7843119,138.0090793
479,売地,掛川市洋望台,-,2025/08/11,600,4.14,-,480.0,所有権,50,-,1種低層,-,-,-,-,-,-,専任,-,-,転載不可,相談,(株)アーガス,0537-21-7777,34.682975,137.9905016
480,売地,掛川市洋望台,-,2025/08/13,900,13.69,-,679.0,所有権,50,-,1種低層,-,-,-,-,-,-,専任,-,-,転載不可,更地渡し,(株)アーガス,0537-21-7777,34.682975,137.9905016
481,売地,袋井市宇刈,-,2025/07/29,0,7,-,361.1,所有権,60,-,無指定,-,-,-,-,-,-,専任,-,-,転載不可,更地渡し,(株)アーガス,0537-21-7777,34.7956847,137.9267674
482,売地,袋井市宇刈689-１他,-,2025/07/30,1500,9.05,-,9047.91,所有権,60,-,無指定,-,-,-,-,-,-,一般,-,-,転載不可,現況渡し,アソシオ不動産(株),0538-48-6667,34.7956847,137.9267674
483,売地,袋井市大谷,-,2025/07/31,18,7.18,-,267.37,所有権,70,-,無指定,-,-,-,-,-,-,一般,-,-,要確認,現況渡し,(株)マストレ,053-448-5656,34.7945556,137.8649622
484,売地,袋井市上山梨839-4、841-2,-,2025/07/30,972,11.98,バス停 春岡上 停歩4分,268.28,所有権,60,-,2種中高,-,-,-,-,-,-,一般,-,-,転載不可,現況渡し,アソシオ不動産(株),0538-48-6667,34.7904999,137.9073829
485,売地,袋井市上山梨1598,-,2025/07/30,1550,12.23,バス停 山梨 停歩7分,419.0,所有権,60,-,1種住居,-,-,-,-,-,-,媒介,-,-,転載不可,現況渡し,アソシオ不動産(株),0538-48-6667,34.7885429,137.9045093
486,売地,袋井市上山梨218,-,2025/07/30,2700,15.37,バス停 月見町・イオン入口 停歩3分,581.0,所有権,60,-,無指定,-,-,-,-,-,-,一般,-,-,転載不可,現況渡し,アソシオ不動産(株),0538-48-6667,34.7885429,137.9045093
487,売地,袋井市上山梨２丁目11-5,-,2025/07/30,0,21,-,767.0,所有権,80,-,近隣商業,-,-,-,-,-,-,一般,-,-,転載不可,現況渡し,アソシオ不動産(株),0538-48-6667,34.7871222,137.9045543
488,売地,袋井市萱間609-1,-,2025/07/28,0,4.34,-,686.36,所有権,60,-,無指定,-,-,-,-,-,-,専任,-,-,転載不可,現況渡し,栄和ハウジング,0538-43-0821,34.8091488,137.8859679
489,売地,袋井市川井1063-1,-,2025/07/30,4193,8.03,東海道本線 袋井 徒歩31分,1726.76,所有権,60,-,無指定,-,-,-,-,-,-,一般,-,-,要確認,現況渡し,アソシオ不動産(株),0538-48-6667,34.7440194,137.9049366
490,売地,"袋井市木原442-1,450-1,450-2",-,2025/07/30,1719,3.01,東海道本線 袋井 徒歩34分,1894.0,所有権,60,-,無指定,-,-,-,-,-,-,一般,-,-,転載不可,現況渡し,アソシオ不動産(株),0538-48-6667,34.7448375,137.9008005
491,売地,袋井市国本462-1他,-,2025/07/30,867,6,東海道本線 愛野 徒歩35分,478.0,所有権,60,-,無指定,-,-,-,-,-,-,一般,-,-,転載不可,現況渡し,アソシオ不動産(株),0538-48-6667,34.7644654,137.957614
492,売地,袋井市下山梨,-,2025/08/03,30,12.07,-,268.6,所有権,60,-,2種低層,-,-,-,-,-,-,売主,-,-,転載不可,更地渡し,浜松東店,053-467-6700,34.779434,137.9045093
493,売地,袋井市高尾１５４７－４０,-,2025/08/06,1250,14.82,バス停 砂本町停 停歩9分,278.85,所有権,50,-,無指定,-,-,-,-,-,-,専任,-,-,転載不可,現況渡し,袋井店,0538-31-8711,34.731633,137.9346434
494,売地,袋井市徳光134-21,-,2025/08/03,9,-,-,1144.5,所有権,60,-,無指定,-,-,-,-,-,-,媒介,-,-,転載不可,更地渡し,浜松支店不動産課,053-478-0350,34.7577085,137.8979085
495,売地,袋井市豊沢２４７４－３,-,2025/08/13,960,5.01,バス停 二軒家 停歩3分,634.0,所有権,60,-,無指定,-,-,-,-,-,-,専任,-,-,転載不可,現況渡し,袋井店,0538-31-8711,34.7358647,137.9438038
496,売地,袋井市豊沢１５４９－９,-,2025/08/02,1480,15.93,東海道本線 袋井 徒歩26分,307.23,所有権,50,-,1種低層,-,-,-,-,-,-,専任,-,-,転載不可,現況渡し,袋井店,0538-31-8711,34.7404227,137.9437612
497,売地,袋井市新池,-,2025/08/07,1150,10.01,-,380.0,所有権,60,-,1種住居,-,-,-,-,-,-,専任,-,-,転載不可,更地渡し,(株)アーガス,0537-21-7777,34.7314109,137.9094547
498,売地,袋井市延久162-10,-,2025/08/09,1480,10.68,バス停 袋井市自主運行バス 延久公会堂 停歩9分,458.2,所有権,60,-,無指定,-,-,-,-,-,-,媒介,-,-,転載不可,更地渡し,遠州トラック(株)不動産営業所,0538-42-0001,34.7626017,137.8966477
499,売地,袋井市春岡１丁目10-5,-,2025/07/30,1300,13.03,バス停 春岡上 停歩5分,330.0,所有権,60,-,2種中高,-,-,-,-,-,-,一般,-,-,転載不可,更地渡し,アソシオ不動産(株),0538-48-6667,34.7913599,137.9147613
500,売地,袋井市彦島,-,2025/08/12,3000,6.03,東海道本線 御厨 徒歩34分,1645.62,所有権,60,-,無指定,-,-,-,-,-,-,一般,-,-,転載不可,更地渡し,浜松損害保険サービス(株),053-459-4180,34.727657,137.903273
501,売地,袋井市堀越1686-19,-,2025/08/09,3,-,-,338.0,所有権,60,-,無指定,-,-,-,-,-,-,売主,-,-,要確認,現況渡し,遠州トラック(株)不動産営業所,0538-42-0001,34.7707086,137.9113375
502,売地,袋井市堀越,-,2025/08/04,1600,15.4,-,343.52,所有権,60,-,無指定,-,-,-,-,-,-,一般,-,-,転載不可,更地渡し,(株)アーガス,0537-21-7777,34.7587503,137.9094547
503,売地,袋井市村松２１６４‐２，２１６４－３,-,2025/08/05,500,4.84,バス停 東名高速下 停歩6分,342.0,所有権,60,-,無指定,-,-,-,-,-,-,専任,-,-,転載不可,現況渡し,袋井店,0538-31-8711,34.765248,137.9334689
504,売地,袋井市村松586番地の2,-,2025/08/03,550,3.79,-,480.0,所有権,60,-,無指定,-,-,-,-,-,-,一般,-,-,転載不可,現況渡し,不動産ミック(株),0538-43-6339,34.7734578,137.9403864
505,売地,袋井市村松2508-2,-,2025/08/09,1300,4.35,バス停 東名高速下停 停歩3分,989.0,所有権,60,-,-,-,-,-,-,-,-,媒介,-,-,要確認,更地渡し,遠州トラック(株)不動産営業所,0538-42-0001,34.7758594,137.9391371
506,売地,袋井市山崎,-,2025/08/13,580,3.72,-,515.69,所有権,60,-,無指定,-,-,-,-,-,-,一般,-,-,転載不可,現況渡し,(株)日成,0538-23-2850,34.7121409,137.9663604
507,売地,袋井市山崎,-,2025/08/05,1300,2.06,-,2091.24,所有権,60,-,無指定,-,-,-,-,-,-,専任,-,-,転載不可,相談,(株)アーガス,0537-21-7777,34.7121409,137.9663604
508,売地,袋井市鷲巣154-2,-,2025/07/30,3000,3.94,東海道本線 袋井 徒歩36分,2521.0,所有権,60,-,無指定,-,-,-,-,-,-,一般,-,-,転載不可,現況渡し,アソシオ不動産(株),0538-48-6667,34.7671191,137.9292411
509,売地,袋井市浅名1038-1他1筆,-,2025/08/13,1180,8.11,-,481.0,所有権,60,-,1種中高,-,-,-,-,-,-,専任,-,-,転載不可,現況渡し,(株)日成,0538-23-2850,34.7161794,137.9354259
510,売地,袋井市浅名1026-5,-,2025/08/13,8,-,-,385.19,所有権,70,-,2種住居,-,-,-,-,-,-,専任,-,-,転載不可,更地渡し,(株)日成,0538-23-2850,34.7070575,137.9330157
511,売地,袋井市浅羽,-,2025/08/13,950,5.56,-,565.0,所有権,60,-,1種中高,-,-,-,-,-,-,専任,-,-,転載不可,現況渡し,(株)日成,0538-23-2850,34.7138539,137.9240776
512,売地,袋井市浅羽1592-1、1591-3,-,2025/08/13,950,9.11,-,80.0,所有権,60,-,1種中高,-,-,-,-,-,-,専任,-,-,転載不可,-,(株)日成,0538-23-2850,34.7108515,137.9249026
513,売地,袋井市浅羽,-,2025/08/12,980,2.53,-,1282.72,所有権,60,-,1種中高,-,-,-,-,-,-,専任,-,-,転載不可,相談,(株)アーガス,0537-21-7777,34.7138539,137.9240776
514,売地,袋井市浅羽,-,2025/08/10,1100,5.94,-,613.0,所有権,60,-,1種住居,-,-,-,-,-,-,専任,-,-,転載不可,更地渡し,(株)アーガス,0537-21-7777,34.7138539,137.9240776
515,売地,袋井市浅羽,-,2025/08/13,0,8.67,-,458.0,所有権,60,-,1種中高,-,-,-,-,-,-,媒介,-,-,転載不可,現況渡し,(株)日成,0538-23-2850,34.7138539,137.9240776
516,売地,袋井市浅羽１６２０－４,-,2025/08/07,1380,13.42,東海道本線 袋井 徒歩4 6分,340.0,所有権,60,-,1種中高,-,-,-,-,-,-,専任,-,-,転載不可,更地渡し,袋井店,0538-31-8711,34.7130288,137.92363
517,売地,袋井市浅羽3455-7,-,2025/07/30,7000,4.77,東海道本線 袋井 徒歩23分,4857.0,所有権,60,-,無指定,-,-,-,-,-,-,一般,-,-,転載不可,現況渡し,アソシオ不動産(株),0538-48-6667,34.7292008,137.9334054
518,売地,"袋井市浅羽一色140,142,143",-,2025/08/13,980,6.75,-,480.3,所有権,60,-,無指定,-,-,-,-,-,-,一般,-,-,転載不可,更地渡し,(株)庭仁,0538-35-5528,34.6999335,137.9131641
519,売地,袋井市梅山,-,2025/07/31,61,4.61,-,395.0,所有権,60,-,無指定,-,-,-,-,-,-,一般,-,-,要確認,現況渡し,(株)マストレ,053-448-5656,34.6938083,137.9391371
520,売地,袋井市中683-1,-,2025/08/13,980,6.97,-,465.14,所有権,60,-,無指定,-,-,-,-,-,-,一般,-,-,転載不可,現況渡し,(株)庭仁,0538-35-5528,34.7048799,137.9125834
521,売地,袋井市中723-3他3筆と赤道,-,2025/08/13,1550,6.66,-,770.0,所有権,60,-,無指定,-,-,-,-,-,-,専任,-,-,転載不可,現況渡し,(株)日成,0538-23-2850,34.7046825,137.9114959
522,売地,袋井市西ケ崎,-,2025/08/06,1680,3.46,バス停 浅羽北小学校前 停歩30分,1605.7,所有権,60,-,無指定,-,-,-,-,-,-,専任,-,-,転載不可,更地渡し,(株)アーガス,0537-21-7777,34.6910293,137.9150189
523,売地,袋井市東同笠,-,2025/08/12,130,1.06,-,406.0,所有権,60,-,無指定,-,-,-,-,-,-,専任,-,-,転載不可,更地渡し,(株)アーガス,0537-21-7777,34.6710038,137.9391371
524,売地,袋井市松原1293-1,-,2025/07/28,200,1.99,-,333.0,所有権,60,-,無指定,-,-,-,-,-,-,媒介,-,-,転載不可,現況渡し,(有)浅羽土地開発,0538-23-6511,34.6869214,137.9255306
525,売地,袋井市諸井906-8,-,2025/08/14,49,9.49,バス停 停歩5分,357.59,所有権,60,-,1種中高,-,-,-,-,-,-,専任,-,-,転載不可,相談,(株)日成,0538-23-2850,34.7257521,137.9188079
526,売地,袋井市諸井３４２４,-,2025/08/01,2980,5.65,バス停 下新池 停歩3分,1744.0,所有権,60,-,無指定,-,-,-,-,-,-,専任,-,-,転載不可,現況渡し,袋井店,0538-31-8711,34.7219207,137.919347
527,売地,袋井市諸井1376-1,-,2025/08/14,0,4,バス停 停歩6分,2738.91,所有権,60,-,1種住居,-,-,-,-,-,-,専任,-,-,転載不可,現況渡し,(株)日成,0538-23-2850,34.7219207,137.919347
528,売地,湖西市大知波1318番363,-,2025/08/06,60,0.12,-,1728.0,所有権,60,-,-,-,-,-,-,-,-,一般,-,-,転載可,現況渡し,サチ不動産,053-576-3540,34.7562546,137.4946831
529,売地,湖西市大知波,-,2025/08/04,130,1.58,-,272.0,所有権,50,-,無指定,-,-,-,-,-,-,一般,-,-,転載不可,現況渡し,Smife浜松西支店,053-449-7111,34.7654565,137.4931828
530,売地,湖西市大知波333番194,-,2025/08/06,300,3,徒歩27分,331.0,所有権,50,-,2種低層,-,-,-,-,-,-,一般,-,-,転載可,現況渡し,サチ不動産,053-576-3540,34.7571501,137.4971873
531,売地,湖西市岡崎2078番 2079番1 他３筆,-,2025/08/06,200,0.35,徒歩31分,1941.0,所有権,-,-,-,-,-,-,-,-,-,一般,-,-,転載可,現況渡し,サチ不動産,053-576-3540,34.7224648,137.5066784
532,売地,湖西市岡崎528・529-2,-,2025/08/06,685,2.01,徒歩21分,1131.75,所有権,60,-,無指定,-,-,-,-,-,-,一般,-,-,転載不可,現況渡し,サチ不動産,053-576-3540,34.7224648,137.5066784
533,売地,湖西市岡崎1443-1,-,2025/08/06,1500,1.65,徒歩19分,3017.0,所有権,60,-,無指定,-,-,-,-,-,-,一般,-,-,転載不可,現況渡し,サチ不動産,053-576-3540,34.7224648,137.5066784
534,売地,湖西市古見,-,2025/08/01,110,7.93,東海道本線 鷲津 徒歩23分,281.38,所有権,60,-,無指定,-,-,-,-,-,-,一般,-,-,転載不可,更地渡し,浜松損害保険サービス(株),053-459-4180,34.7184581,137.5316217
535,売地,湖西市古見,-,2025/07/28,1500,16.97,東海道本線 鷲津 徒歩23分,292.31,所有権,60,-,無指定,-,-,-,-,-,-,専任,-,-,転載不可,更地渡し,浜松損害保険サービス(株),053-459-4180,34.7184581,137.5316217
536,売地,湖西市白須賀字元町609，610-1，610-2,-,2025/07/31,1570,6,-,865.45,所有権,50,-,無指定,-,-,-,-,-,-,一般,-,-,要確認,更地渡し,(株)オノコム不動産,0532-55-7710,34.6889586,137.5003763
537,売地,湖西市白須賀2923,-,2025/08/09,1980,6.31,-,1037.81,所有権,50,-,無指定,-,-,-,-,-,-,専任,-,-,転載不可,相談,(株)浜名湖エンタープライズ,053-576-3639,34.6844107,137.498058
538,売地,湖西市白須賀3985番110他8筆,-,2025/08/12,12000,1.5,東海道本線 新所原 徒歩32分,26565.68,所有権,60,-,-,-,-,-,-,-,-,媒介,-,-,転載不可,現況渡し,とぴあ浜松農業協同組合不動産センター湖西店,053-576-6401,34.7086184,137.4981352
539,売地,"湖西市新所2830番1,2",-,2025/08/03,200,1.75,徒歩36分,378.64,所有権,60,-,無指定,-,-,-,-,-,-,専任,-,-,転載不可,現況渡し,センチュリー21架け橋不動産豊橋店,0532-21-7675,34.7342743,137.5339085
540,売地,湖西市鷲津２２００－１他,-,2025/08/07,1490,18.23,東海道本線 鷲津 徒歩15分,270.22,所有権,60,-,1種住居,-,-,-,-,-,-,専任,-,-,転載不可,現況渡し,湖西店,053-574-2881,34.7132802,137.5540323
541,売地,湖西市鷲津3154,-,2025/08/06,1700,19.25,東海道本線 鷲津 徒歩16分,292.0,所有権,50,-,1種低層,-,-,-,-,-,-,一般,-,-,転載可,現況渡し,サチ不動産,053-576-3540,34.7147695,137.5496422
542,売地,湖西市鷲津１１３１－３３,-,2025/07/26,2000,15.46,東海道本線 鷲津 徒歩9分,427.78,所有権,50,-,1種低層,-,-,-,-,-,-,専任,-,-,転載不可,現況渡し,湖西店,053-574-2881,34.7124242,137.5463611
543,売地,湖西市鷲津１４５８－１,-,2025/07/30,4544,18.03,東海道本線 鷲津 徒歩10分,833.17,所有権,60,-,1種住居,-,-,-,-,-,-,一般,-,-,転載不可,相談,湖西店,053-574-2881,34.7147695,137.5496422
544,売地,湖西市新所原２丁目７７５－３,-,2025/08/08,4780,22.01,東海道本線 新所原 徒歩12分,718.14,所有権,50,-,2種中高,-,-,-,-,-,-,専任,-,-,要確認,更地渡し,事業用不動産流通グループ,053-488-8811,34.725694,137.4864363
545,売地,湖西市駅南２丁目2721,-,2025/07/31,2720,19.11,東海道本線 新所原 徒歩10分,300.12,所有権,50,-,1種低層,-,-,-,-,-,-,媒介,-,-,転載不可,現況渡し,浜松仲介チーム,053-451-0525,34.7205475,137.4876629
546,売地,湖西市新居町新居１９９２,-,2025/07/30,150,1.38,バス停 住吉 停歩6分,360.0,所有権,-,-,-,-,-,-,-,-,-,専任,-,-,転載不可,現況渡し,みなと不動産,053-472-6450,34.6857031,137.5719724
547,売地,湖西市新居町新居3288-139,-,2025/08/11,500,4.29,東海道本線 新居町 徒歩29分,386.0,所有権,60,-,1種住居,-,-,-,-,-,-,一般,-,-,要確認,現況渡し,(株)かなめ創建,053-463-5050,34.6831703,137.5854086
548,売地,湖西市新居町新居３２８８－１３９,-,2025/08/01,500,4.29,東海道本線 新居町 徒歩31分,386.0,所有権,20,-,1種住居,-,-,-,-,-,-,一般,-,-,転載不可,現況渡し,湖西店,053-574-2881,34.6831703,137.5854086
549,売地,湖西市新居町新居２２６９－２－４,-,2025/07/26,880,4,東海道本線 新居町 徒歩29分,727.91,所有権,40,-,1種住居,-,-,-,-,-,-,専任,-,-,転載不可,現況渡し,湖西店,053-574-2881,34.6836991,137.5841241
550,売地,湖西市新居町新居６６５－１,-,2025/08/09,1250,12.15,東海道本線 新居町 徒歩13分,340.18,所有権,60,-,1種住居,-,-,-,-,-,-,専任,-,-,転載不可,現況渡し,湖西店,053-574-2881,34.6865227,137.5692776
551,売地,湖西市新居町新居,-,2025/08/03,1480,12.48,東東海海道道本本線線 新新居居町町 徒徒歩歩1122分,45.2,所有権,60,-,1種中高,-,-,-,-,-,-,媒介,-,-,転載不可,-,(株)HARUKA,0533-95-4424,34.6892491,137.573973
552,売地,湖西市新居町新居,-,2025/08/06,1682,19.86,東海道本線 新居町 徒歩10分,280.0,所有権,80,-,近隣商業,-,-,-,-,-,-,媒介,-,-,転載不可,現況渡し,(株)吉田不動産,053-592-3131,34.6892491,137.573973
553,売地,湖西市新居町新居,-,2025/08/06,3000,19.45,東海道本線 新居町 徒歩9分,510.11,所有権,80,-,近隣商業,-,-,-,-,-,-,媒介,-,-,転載不可,現況渡し,(株)吉田不動産,053-592-3131,34.6892491,137.573973
554,売地,湖西市新居町新居,-,2025/08/06,50,6.5,東海道本線 新居町 徒歩17分,1822.0,所有権,60,-,1種中高,-,-,-,-,-,-,媒介,-,-,転載不可,相談,(株)吉田不動産,053-592-3131,34.6892491,137.573973
555,売地,湖西市新居町中之郷1601-1,-,2025/08/05,530,2.51,東海道本線 鷲津 徒歩23分,700.28,所有権,60,-,無指定,-,-,-,-,-,-,売主,-,-,転載可,現況渡し,(株)トコー不動産,0538-55-2840,34.7064354,137.5573637
556,売地,湖西市新居町中之郷字天伯台４５１－１,-,2025/08/05,1,-,東海道本線 新居町 徒歩25分,283.86,所有権,60,-,1種中高,-,-,-,-,-,-,専任,-,-,転載可,現況渡し,(株)ナカイチ住研,0532-32-7979,34.7041296,137.5619241
557,売地,菊川市赤土1105-3,-,2025/08/07,310,2.5,-,411.0,所有権,60,-,1種住居,-,-,-,-,-,-,媒介,-,-,転載不可,現況渡し,(株)ライフイン企画,0537-73-6262,34.6935773,138.0917302
558,売地,菊川市赤土1444-1,-,2025/08/07,550,6,-,359.0,所有権,60,-,1種住居,-,-,-,-,-,-,媒介,-,-,転載不可,現況渡し,(株)ライフイン企画,0537-73-6262,34.6971178,138.1014432
559,売地,菊川市赤土1448-1,-,2025/08/07,648,2,-,1072.0,所有権,60,-,1種住居,-,-,-,-,-,-,媒介,-,-,転載不可,現況渡し,(株)ライフイン企画,0537-73-6262,34.6971178,138.1014432
560,売地,菊川市赤土1137-2,-,2025/08/07,93,4.93,-,710.2,所有権,50,-,1種低層,-,-,-,-,-,-,専任,-,-,転載不可,現況渡し,(株)ライフイン企画,0537-73-6262,34.6925599,138.0953983
561,売地,"菊川市赤土1439,1438,1436",-,2025/08/07,1730,2,-,2861.0,所有権,60,-,1種住居,-,-,-,-,-,-,媒介,-,-,転載不可,現況渡し,(株)ライフイン企画,0537-73-6262,34.6971178,138.1014432
562,売地,菊川市河東76,-,2025/08/07,400,2.71,-,488.0,所有権,50,-,1種低層,-,-,-,-,-,-,専任,-,-,転載不可,現況渡し,(株)ライフイン企画,0537-73-6262,34.6717732,138.092758
563,売地,菊川市河東字宮田86-2,-,2025/08/07,1,-,-,492.0,所有権,50,-,1種低層,-,-,-,-,-,-,媒介,-,-,転載不可,相談,(株)ライフイン企画,0537-73-6262,34.6717732,138.092758
564,売地,菊川市上平川４８０－２,-,2025/08/06,480,5.28,バス停 静鉄バス・上平川バス停 停歩2分,301.0,所有権,60,-,無指定,-,-,-,-,-,-,専任,-,-,転載不可,現況渡し,アースデイ不動産,053-441-2103,34.7128531,138.0791126
565,売地,菊川市上平川507,-,2025/08/09,1000,5.74,-,576.0,所有権,60,-,無指定,-,-,-,-,-,-,専任,-,-,転載不可,現況渡し,(有)サンケイ開発,0537-22-0366,34.7128531,138.0791126
566,売地,菊川市加茂1542-1,-,2025/08/05,20,7.2,-,271.0,所有権,60,-,-,-,-,-,-,-,-,売主,-,-,要確認,建築条件付,(有)さくら企画,0537-35-5558,34.7435756,138.0853552
567,売地,菊川市加茂1043-1,-,2025/08/09,880,8.27,-,351.83,所有権,60,-,無指定,-,-,-,-,-,-,売主,-,-,転載不可,現況渡し,(有)サンケイ開発,0537-22-0366,34.7442589,138.0747881
568,売地,菊川市加茂950-3,-,2025/08/03,9,-,-,364.0,所有権,60,-,無指定,-,-,-,-,-,-,専任,-,-,要確認,更地渡し,(株)不動産Labo.,0538-33-6118,34.7435756,138.0853552
569,売地,菊川市加茂７８番４、７８番８,-,2025/07/31,990,7.31,東海道本線 菊川 徒歩24分,447.84,所有権,60,-,1種住居,-,-,-,-,-,-,専任,-,-,転載不可,更地渡し,掛川店・掛川住宅プラザ,0537-23-5103,34.7514423,138.0820807
570,売地,菊川市加茂２１８１番２,-,2025/08/01,1500,18.37,東海道本線 菊川 徒歩26分,270.0,所有権,60,-,準工業,-,-,-,-,-,-,専任,-,-,転載不可,現況渡し,掛川店・掛川住宅プラザ,0537-23-5103,34.7486324,138.0888671
571,売地,菊川市加茂,-,2025/08/01,1986,19,東海道本線 菊川 徒歩34分,345.56,所有権,60,-,1種住居,-,-,-,-,-,-,媒介,-,-,要確認,現況渡し,(株)丸玉,053-421-7360,34.7435756,138.0853552
572,売地,菊川市川上1304-1,-,2025/08/07,403,3,-,445.0,所有権,60,-,無指定,-,-,-,-,-,-,一般,-,-,転載不可,現況渡し,(株)ライフイン企画,0537-73-6262,34.7004646,138.1175767
573,売地,菊川市下内田1825-1,-,2025/08/09,260,2.18,-,395.0,所有権,60,-,無指定,-,-,-,-,-,-,専任,-,-,転載不可,現況渡し,(有)サンケイ開発,0537-22-0366,34.72284399999999,138.0723389
574,売地,菊川市下内田1524,-,2025/08/08,86,0.86,-,4243.44,所有権,60,-,取引態様,-,-,-,-,-,-,一般,-,-,転載可,現況渡し,(株)幹工務店,053-453-0719,34.7231937,138.0733926
575,売地,菊川市下平川4623-1外,-,2025/08/07,341,3.01,-,375.0,所有権,60,-,無指定,-,-,-,-,-,-,媒介,-,-,転載不可,現況渡し,(株)ライフイン企画,0537-73-6262,34.7079042,138.090494
576,売地,菊川市下平川4627-1外１筆,-,2025/08/07,362,4.5,-,266.0,所有権,60,-,無指定,-,-,-,-,-,-,媒介,-,-,転載不可,現況渡し,(株)ライフイン企画,0537-73-6262,34.7027767,138.0874635
577,売地,菊川市下平川1616番2，1618番2,-,2025/08/11,380,4.27,東海道本線 菊川 徒歩8 8分,294.24,所有権,80,-,近隣商業,-,-,-,-,-,-,専任,-,-,転載不可,現況渡し,不動産事業部,0537-73-6789,34.7026062,138.0880325
578,売地,菊川市下平川,-,2025/08/10,450,3.7,-,403.0,所有権,60,-,無指定,-,-,-,-,-,-,専任,-,-,転載不可,相談,(株)アーガス,0537-21-7777,34.7027767,138.0874635
579,売地,菊川市下平川1476-2,-,2025/08/07,453,5.48,-,273.3,所有権,80,-,近隣商業,-,-,-,-,-,-,媒介,-,-,転載不可,現況渡し,(株)ライフイン企画,0537-73-6262,34.7031113,138.0871199
580,売地,菊川市下平川2224-1,-,2025/08/07,7,-,-,374.0,所有権,60,-,無指定,-,-,-,-,-,-,媒介,-,-,転載不可,現況渡し,(株)ライフイン企画,0537-73-6262,34.7086753,138.0832286
581,売地,菊川市下平川622-3,-,2025/08/09,660,7.88,-,277.0,所有権,50,-,1種住居,-,-,-,-,-,-,売主,-,-,転載不可,更地渡し,(有)サンケイ開発,0537-22-0366,34.7027767,138.0874635
582,売地,菊川市下平川1867-2,-,2025/08/07,45,5.45,-,485.28,所有権,80,-,近隣商業,-,-,-,-,-,-,専任,-,-,転載不可,現況渡し,(株)ライフイン企画,0537-73-6262,34.7033624,138.0872537
583,売地,菊川市下平川1475-1、1476-1,-,2025/08/07,823,10,-,363.0,所有権,80,-,近隣商業,-,-,-,-,-,-,媒介,-,-,転載不可,現況渡し,(株)ライフイン企画,0537-73-6262,34.7031362,138.0867717
584,売地,菊川市下平川1408,-,2025/08/09,1000,7.32,-,452.0,所有権,60,-,1種住居,-,-,-,-,-,-,専任,-,-,転載不可,現況渡し,(有)サンケイ開発,0537-22-0366,34.7001792,138.0886732
585,売地,菊川市下平川1914-1、1914-2、1914-3,-,2025/08/07,118,3,-,1310.0,所有権,50,-,1種低層,-,-,-,-,-,-,媒介,-,-,転載不可,現況渡し,(株)ライフイン企画,0537-73-6262,34.7027767,138.0874635
586,売地,菊川市下平川1489-3,-,2025/08/07,1388,12,-,382.56,所有権,80,-,近隣商業,-,-,-,-,-,-,媒介,-,-,転載不可,現況渡し,(株)ライフイン企画,0537-73-6262,34.7029495,138.0871748
587,売地,菊川市下平川794-4,-,2025/08/07,1467,3.5,-,1386.0,所有権,50,-,1種低層,-,-,-,-,-,-,媒介,-,-,転載不可,現況渡し,(株)ライフイン企画,0537-73-6262,34.6996765,138.083245
588,売地,菊川市潮海寺４７－１２,-,2025/08/06,0,12,東海道本線 菊川 徒歩15分,341.0,所有権,60,-,1種住居,-,-,-,-,-,-,専任,-,-,転載不可,現況渡し,掛川店・掛川住宅プラザ,0537-23-5103,34.7648362,138.0963681
589,売地,菊川市土橋,-,2025/08/13,500,4.87,-,340.0,所有権,60,-,無指定,-,-,-,-,-,-,一般,-,-,転載不可,相談,(株)アーガス,0537-21-7777,34.7270852,138.0871754
590,売地,菊川市中内田2256-1,-,2025/08/09,1704,7,-,805.0,所有権,60,-,無指定,-,-,-,-,-,-,専任,-,-,転載不可,更地渡し,(有)サンケイ開発,0537-22-0366,34.7323225,138.0629907
591,売地,"菊川市奈良野8-5,8-3",-,2025/08/06,639,7.49,-,282.35,所有権,60,-,無指定,-,-,-,-,-,-,売主,-,-,要確認,現況渡し,(株)沖開発,0537-36-3361,34.7226184,138.0846944
592,売地,菊川市奈良野8-6.8-2,-,2025/08/06,684,7.49,-,301.96,所有権,60,-,無指定,-,-,-,-,-,-,売主,-,-,要確認,現況渡し,(株)沖開発,0537-36-3361,34.7226184,138.0846944
593,売地,菊川市西方5698-3,-,2025/08/09,495,2.91,-,564.0,所有権,60,-,無指定,-,-,-,-,-,-,専任,-,-,転載不可,現況渡し,(有)サンケイ開発,0537-22-0366,34.7708178,138.0703494
594,売地,菊川市西方1235-17,-,2025/08/04,500,6.04,東海道本線 菊川 徒歩10分,274.07,所有権,60,-,1種住居,-,-,-,-,-,-,媒介,-,-,転載不可,建築条件付,(株)あじはま企画,0537-86-3324,34.7609884,138.0800913
595,売地,菊川市西方1429-1,-,2025/08/09,660,2.49,-,879.0,所有権,60,-,-,-,-,-,-,-,-,売主,-,-,転載不可,現況渡し,(有)サンケイ開発,0537-22-0366,34.76302829999999,138.0654706
596,売地,菊川市西方4397,-,2025/08/09,1070,9.97,-,355.0,所有権,60,-,無指定,-,-,-,-,-,-,専任,-,-,転載不可,現況渡し,(有)サンケイ開発,0537-22-0366,34.76302829999999,138.0654706
597,売地,菊川市西方１２６６－４,-,2025/07/31,1380,11.13,東海道本線 菊川 徒歩9分,409.9,所有権,70,-,1種中高,-,-,-,-,-,-,一般,-,-,転載不可,更地渡し,掛川店・掛川住宅プラザ,0537-23-5103,34.762054,138.0798952
598,売地,菊川市西横地532-1・531-2,-,2025/08/09,765,8.94,-,283.0,所有権,60,-,無指定,-,-,-,-,-,-,一般,-,-,転載不可,現況渡し,(有)サンケイ開発,0537-22-0366,34.7307207,138.0890362
599,売地,菊川市本所６０１,-,2025/08/12,620,8,東海道本線 菊川 徒歩21分,272.0,所有権,60,-,1種中高,-,-,-,-,-,-,一般,-,-,転載不可,現況渡し,掛川店・掛川住宅プラザ,0537-23-5103,34.7469247,138.0977208
600,売地,菊川市和田,-,2025/07/26,120,0.45,-,889.55,所有権,60,-,無指定,-,-,-,-,-,-,一般,-,-,転載不可,現況渡し,(株)トダックス,0537-26-2161,34.7647904,138.1076478
601,売地,菊川市和田,-,2025/08/13,360,3.25,-,73.0,所有権,60,-,無指定,-,-,-,-,-,-,専任,-,-,転載不可,-,(株)日成,0538-23-2850,34.7647904,138.1076478
602,売地,菊川市和田258-1,-,2025/08/09,9300,4.7,-,6541.45,所有権,60,-,無指定,-,-,-,-,-,-,専任,-,-,転載不可,現況渡し,(有)サンケイ開発,0537-22-0366,34.764111,138.1043071
603,売地,周智郡森町天宮1564,-,2025/07/28,1,-,徒歩26分,297.0,所有権,50,-,1種低層,-,-,-,-,-,-,媒介,-,-,要確認,現況渡し,さくら不動産販売(株),0538-24-7772,34.8447643,137.9292802
604,売地,周智郡森町天宮885-3,-,2025/08/11,0,7,徒歩24分,373.0,所有権,60,-,無指定,-,-,-,-,-,-,一般,-,-,要確認,現況渡し,岡野建設(株),0538-85-2197,34.845721,137.9306634
605,売地,周智郡森町天宮,-,2025/07/30,1586,7,徒歩21分,749.0,所有権,50,-,1種中高,-,-,-,-,-,-,一般,-,-,転載不可,相談,小林不動産,0538-85-1050,34.849099,137.9292411
606,売地,周智郡森町飯田148-1,-,2025/08/11,200,1.82,徒歩20分,364.0,所有権,60,-,-,-,-,-,-,-,-,一般,-,-,転載不可,現況渡し,岡野建設(株),0538-85-2197,34.814952,137.9172097
607,売地,周智郡森町飯田2047-1、2051-2,-,2025/07/29,0,5,-,378.0,所有権,60,-,1種住居,-,-,-,-,-,-,媒介,-,-,転載不可,現況渡し,こみき不動産,053-421-5521,34.806392,137.9144007
608,売地,周智郡森町飯田,-,2025/08/14,2000,5.33,徒歩31分,2244.87,所有権,60,-,無指定,-,-,-,-,-,-,一般,-,-,要確認,現況渡し,(株)マストレ,053-448-5656,34.806392,137.9144007
609,売地,周智郡森町一宮６３３２－２,-,2025/07/26,480,1.94,徒歩25分,818.0,所有権,60,-,無指定,-,-,-,-,-,-,専任,-,-,転載不可,現況渡し,中東遠支店,0538-36-8851,34.8311135,137.8921477
610,売地,周智郡森町一宮3498-2、3498-3、3499-7,-,2025/07/28,1672,6.8,徒歩23分,813.73,所有権,60,-,無指定,-,-,-,-,-,-,媒介,-,-,要確認,現況渡し,さくら不動産販売(株),0538-24-7772,34.8297407,137.8981611
611,売地,周智郡森町一宮3031-16,-,2025/07/30,220,5.51,徒歩10分,1320.98,所有権,60,-,無指定,-,-,-,-,-,-,専任,-,-,転載不可,更地渡し,小林不動産,0538-85-1050,34.8206131,137.8936074
612,売地,周智郡森町円田543-1,-,2025/07/28,330,3.67,徒歩13分,297.27,所有権,60,-,無指定,-,-,-,-,-,-,媒介,-,-,要確認,現況渡し,さくら不動産販売(株),0538-24-7772,34.8193514,137.9196254
613,売地,周智郡森町草ケ谷２２６－２,-,2025/07/31,680,7.57,バス停 草ケ谷（森町） 停歩2分,297.04,所有権,60,-,1種住居,-,-,-,-,-,-,専任,-,-,転載不可,更地渡し,袋井店,0538-31-8711,34.8254651,137.9158557
614,売地,周智郡森町中川51-1,-,2025/07/30,1100,2.98,-,1221.0,所有権,60,-,無指定,-,-,-,-,-,-,媒介,-,-,転載不可,現況渡し,アソシオ不動産(株),0538-48-6667,34.7970665,137.8915008
615,売地,周智郡森町中川２５５－１,-,2025/08/06,1850,4.16,徒歩32分,1470.88,所有権,60,-,無指定,-,-,-,-,-,-,一般,-,-,転載不可,更地渡し,袋井店,0538-31-8711,34.8021932,137.8961503
616,売地,周智郡森町中川,-,2025/07/30,4,-,-,940.0,所有権,60,-,無指定,-,-,-,-,-,-,専任,-,-,転載不可,現況渡し,小林不動産,0538-85-1050,34.8025702,137.8946198
617,売地,周智郡森町睦実３７５－１他,-,2025/07/28,1,-,徒歩15分,5925.2,所有権,60,-,-,-,-,-,-,-,-,売主,-,-,要確認,相談,さくら不動産販売(株),0538-24-7772,34.8315591,137.9302852
618,売地,周智郡森町森2337-2、2339,-,2025/08/01,690,8.47,徒歩14分,269.36,所有権,60,-,1種中高,-,-,-,-,-,-,媒介,-,-,要確認,現況渡し,(株)丸玉,053-421-7360,34.8333467,137.9242939
619,売地,周智郡森町森844-5,-,2025/08/08,790,7.84,徒歩7分,333.18,所有権,60,-,1種住居,-,-,-,-,-,-,一般,-,-,転載不可,更地渡し,ハウジング事業部,054-285-2136,34.8337192,137.925405
620,売地,周智郡森町森１２０６－１７,-,2025/08/03,990,11.45,徒歩2分,285.96,所有権,60,-,1種住居,-,-,-,-,-,-,専任,-,-,転載不可,現況渡し,袋井店,0538-31-8711,34.8299475,137.9238551
621,売地,周智郡森町森１７０１－２,-,2025/07/26,1390,14.01,徒歩14分,328.0,所有権,60,-,2種中高,-,-,-,-,-,-,一般,-,-,転載不可,更地渡し,袋井店,0538-31-8711,34.8343002,137.9234233
622,売地,周智郡森町森２１１７－４,-,2025/07/26,1490,11.93,徒歩11分,413.0,所有権,60,-,1種住居,-,-,-,-,-,-,一般,-,-,転載不可,現況渡し,袋井店,0538-31-8711,34.8347129,137.926781
623,売地,周智郡森町森,-,2025/07/30,2290,10.01,徒歩7分,757.0,所有権,60,-,2種中高,-,-,-,-,-,-,一般,-,-,転載不可,相談,小林不動産,0538-85-1050,34.8333467,137.9242939
624,売地,浜松市中央区葵西６丁目,-,2026/05/19,97,34.97,-,369.67,所有権,60,-,工業地域,-,-,-,-,-,-,一般,-,-,要確認,更地渡し,高林支店,053-472-5656,34.7700018,137.7015245
625,売地,"浜松市中央区有玉北町2182,2183",-,2026/04/27,5250,15.01,徒歩11分,1157.0,所有権,-,-,無指定,-,-,-,-,-,-,媒介,-,-,転載不可,現況渡し,(株)五興不動産開発,053-413-2625,34.7604579,137.7518431
626,売地,浜松市中央区有玉台２丁目,-,2026/06/01,3700,20.74,徒歩24分,590.0,所有権,60,-,1種中高,-,-,-,-,-,-,一般,-,-,転載不可,相談,浜松損害保険サービス(株),053-459-4180,34.7623101,137.7421827
627,売地,浜松市中央区有玉西町,-,2026/05/29,66,26.66,-,432.9,所有権,60,-,無指定,-,-,-,-,-,-,専任,-,-,転載不可,更地渡し,センチュリー21中央不動産浜松店,053-584-0021,34.7508347,137.7363053
628,売地,浜松市中央区有玉南町,-,2026/04/07,950,8.07,徒歩19分,389.3,所有権,-,-,無指定,-,-,-,-,-,-,一般,-,-,転載不可,現況渡し,本店,058-246-4770,34.7533433,137.7464967
629,売地,浜松市中央区有玉南町1160-1他,-,2026/05/28,1027,7.01,バス停 有玉神社停 停歩8分,485.0,所有権,60,-,-,-,-,-,-,-,-,一般,-,-,転載可,現況渡し,あんず,053-545-6500,34.7533433,137.7464967
630,売地,浜松市中央区有玉南町,-,2026/05/04,2754,9.01,徒歩14分,1011.0,所有権,-,-,-,-,-,-,-,-,-,一般,-,-,要確認,現況渡し,本店,058-246-4770,34.7533433,137.7464967
631,売地,"浜松市中央区有玉南町175-1,175-2",-,2026/05/28,5000,22.77,徒歩8分,726.0,所有権,60,-,無指定,-,-,-,-,-,-,媒介,-,-,転載不可,現況渡し,(株)リンク,053-424-5000,34.7532472,137.7544943
632,売地,浜松市中央区有玉南町,-,2026/05/04,6200,10.04,徒歩15分,2042.0,所有権,-,-,取引態様,-,-,-,-,-,-,一般,-,-,要確認,現況渡し,本店,058-246-4770,34.7533433,137.7464967
633,売地,浜松市中央区有玉南町1643,-,2026/04/13,11000,31.66,徒歩7分,1148.66,所有権,60,-,無指定,-,-,-,-,-,-,売主,-,-,転載不可,現況渡し,(株)エステート・パートナー,053-443-8856,34.7509216,137.7511978
634,売地,浜松市中央区安間町516-1,-,2026/05/18,1360,7.99,東海道本線 天竜川 徒歩18分,563.39,所有権,60,-,無指定,-,-,-,-,-,-,媒介,-,-,転載不可,現況渡し,(株)トレスト,053-459-0811,34.7210845,137.790504
635,売地,浜松市中央区飯田町,-,2026/05/25,1084,5,東海道本線 天竜川 徒歩28分,717.0,所有権,60,-,無指定,-,-,-,-,-,-,一般,-,-,転載不可,現況渡し,Smife浜松西支店,053-449-7111,34.7067664,137.7760883
636,売地,浜松市中央区飯田町885,-,2026/05/17,1084,5,東海道本線 天竜川 徒歩18分,717.0,所有権,60,-,無指定,-,-,-,-,-,-,一般,-,-,転載可,現況渡し,みき不動産(株),053-581-9266,34.7067664,137.7760883
637,売地,浜松市中央区飯田町８８５,-,2026/05/16,1084,5,バス停 東部中学入口 停歩7分,717.0,所有権,60,-,無指定,-,-,-,-,-,-,一般,-,-,転載不可,現況渡し,事業用不動産流通グループ,053-488-8811,34.7067664,137.7760883
638,売地,浜松市中央区飯田町885,-,2026/04/30,0,5,-,717.0,所有権,-,-,-,-,-,-,-,-,-,媒介,-,-,転載不可,現況渡し,とぴあ浜松農業協同組合不動産センター有玉店,053-476-3152,34.7067664,137.7760883
639,売地,浜松市中央区伊左地町2294-1の一部,-,2026/05/17,700,6.76,-,342.81,所有権,60,-,無指定,-,-,-,-,-,-,媒介,-,-,転載不可,建築条件付,ひだまり工房(株),053-596-3900,34.7456974,137.6654485
640,売地,浜松市中央区伊左地町8858・8860,-,2026/04/17,1104,3,-,1218.0,所有権,60,-,-,-,-,-,-,-,-,媒介,-,-,転載不可,相談,(有)ほんま不動産,053-461-3345,34.7456974,137.6654485
641,売地,浜松市中央区伊左地町,-,2026/05/09,78,1.78,-,3634.0,所有権,60,-,無指定,-,-,-,-,-,-,一般,-,-,転載不可,現況渡し,浜松損害保険サービス(株),053-459-4180,34.7456974,137.6654485
642,売地,浜松市中央区伊左地町字前原2818-1,-,2026/05/02,2975,5,バス停 遠鉄バス 前平停留所 停歩8分,1967.0,所有権,60,-,取引態様,-,-,-,-,-,-,一般,-,-,転載不可,現況渡し,川井建設(株),053-461-9491,34.7456974,137.6654485
643,売地,浜松市中央区伊左地町8422、8423,-,2026/04/03,0,10,-,1573.84,所有権,60,-,-,-,-,-,-,-,-,媒介,-,-,転載不可,現況渡し,クリエイト・ジャパン浜松西(株),053-447-7941,34.7456974,137.6654485
644,売地,浜松市中央区伊左地町7964他,-,2026/04/30,51,8.51,-,4599.0,所有権,60,-,無指定,-,-,-,-,-,-,媒介,-,-,転載不可,相談,ホームパートナー(株),053-525-0755,34.7456974,137.6654485
645,売地,浜松市中央区石原町,-,2026/06/01,150,1.32,バス停 石原西 停歩1分,378.0,所有権,60,-,無指定,-,-,-,-,-,-,一般,-,-,転載不可,現況渡し,あららぎ不動産(株),053-464-5557,34.6918443,137.7717718
646,売地,浜松市中央区石原町,-,2026/05/28,0,8,バス停 古川 停歩5分,438.0,所有権,60,-,無指定,-,-,-,-,-,-,媒介,-,-,転載不可,現況渡し,とぴあ浜松農業協同組合不動産センター有玉店,053-476-3152,34.6918443,137.7717718
647,売地,浜松市中央区石原町678、679,-,2026/03/29,1935,14.91,東海道本線 浜松 徒歩4 0分,429.12,所有権,60,-,1種住居,-,-,-,-,-,-,専任,-,-,転載不可,現況渡し,(株)ツチヤ・フソウホーム,053-448-1660,34.6899892,137.7681193
648,売地,浜松市中央区泉１丁目837-61の一部,-,2026/04/02,5251,40,徒歩29分,434.03,所有権,80,-,近隣商業,-,-,-,-,-,-,媒介,-,-,転載不可,更地渡し,とぴあ浜松農業協同組合不動産センター有玉店,053-476-3152,34.7397478,137.7212337
649,売地,浜松市中央区泉３丁目1-4,-,2026/05/25,77,10.77,-,78.71,所有権,60,-,準工業,-,-,-,-,-,-,一般,-,-,転載不可,-,(株)マエフジ不動産,053-472-3341,34.7452478,137.72334
650,売地,浜松市中央区市野町1061-1，1062-3，1062-4,-,2026/04/26,39,5.39,-,490.92,所有権,60,-,無指定,-,-,-,-,-,-,専属専任,-,-,要確認,現況渡し,川井建設(株),053-461-9491,34.7489745,137.7777477
651,売地,浜松市中央区入野町村前10086,-,2026/04/10,630,2.01,東海道本線 高塚 徒歩22分,1041.0,所有権,60,-,-,-,-,-,-,-,-,媒介,-,-,要確認,現況渡し,エネロップ(株),0563-55-0131,34.698039,137.6792657
652,売地,浜松市中央区入野町字彦尾前913番1,-,2026/04/28,1,-,バス停 遠鉄バス「東彦尾」 停歩7分,968.0,所有権,60,-,無指定,-,-,-,-,-,-,専任,-,-,転載不可,現況渡し,(株)ヤマセ不動産,053-474-2188,34.7002449,137.6913677
653,売地,浜松市中央区入野町,-,2026/05/11,29,5.29,-,1551.05,所有権,60,-,1種中高,-,-,-,-,-,-,専任,-,-,要確認,現況渡し,高林支店,053-472-5656,34.698039,137.6792657
654,売地,浜松市中央区植松町,-,2026/05/09,3790,36.01,バス停 名塚町 停歩3分,348.0,所有権,70,-,1種住居,-,-,-,-,-,-,媒介,-,-,転載不可,現況渡し,浜松不動産(株),053-458-0555,34.7091484,137.7575916
655,売地,浜松市中央区瓜内町140,-,2026/05/23,1,-,-,409.86,所有権,60,-,1種住居,-,-,-,-,-,-,一般,-,-,転載不可,更地渡し,浜松東店,053-467-6700,34.6911868,137.7365941
656,売地,浜松市中央区江之島町５２６－１,-,2026/05/13,950,6.83,バス停 江之島町 停歩2分,460.48,所有権,60,-,無指定,-,-,-,-,-,-,専任,-,-,転載不可,現況渡し,浜松店,053-471-0202,34.6619618,137.7563588
657,売地,浜松市中央区江之島町240-1,-,2026/05/12,1,-,-,790.0,所有権,60,-,-,-,-,-,-,-,-,媒介,-,-,転載不可,現況渡し,(株)丸久不動産,053-543-9000,34.66936,137.7561469
658,売地,浜松市中央区江之島町３２０番１,-,2026/05/23,2490,4.68,バス停 江之島町 停歩4分,1760.85,所有権,60,-,無指定,-,-,-,-,-,-,専任,-,-,転載不可,相談,浜松店,053-471-0202,34.6682221,137.7556653
659,売地,浜松市中央区江之島町５２４番１、５２５番１,-,2026/06/01,2780,8.21,バス停 江之島町 停歩2分,1120.05,所有権,60,-,無指定,-,-,-,-,-,-,専任,-,-,転載不可,相談,浜松店,053-471-0202,34.6619618,137.7563588
660,売地,浜松市中央区遠州浜１丁目１０－２,-,2026/05/18,4800,7.51,-,2113.02,所有権,70,-,2種中高,-,-,-,-,-,-,売主,-,-,転載不可,更地渡し,(株)不動産のおおさわ,053-581-8600,34.6569766,137.7612435
661,売地,浜松市中央区遠州浜２丁目1717-31・32,-,2026/06/01,86,5.86,-,338.7,所有権,60,-,1種中高,-,-,-,-,-,-,媒介,-,-,転載不可,現況渡し,杉山観光開発(株),053-454-3013,34.6572597,137.7680723
662,売地,浜松市中央区大久保町6471-1の一部,-,2026/05/28,850,7.16,バス停 神久呂小学校 停歩5分,392.98,所有権,60,-,-,-,-,-,-,-,-,媒介,-,-,転載不可,現況渡し,とぴあ浜松農業協同組合不動産センター有玉店,053-476-3152,34.7146877,137.6504382
663,売地,浜松市中央区大島町３８６番の一部（Ｂ区画）,-,2026/03/27,67,3.67,-,373.0,所有権,60,-,無指定,-,-,-,-,-,-,専任,-,-,転載不可,現況渡し,アースデイ不動産,053-441-2103,34.75966470000001,137.7798482
664,売地,浜松市中央区大島町４９６－３,-,2026/05/29,600,6.5,バス停 とちの木南 停歩11分,354.0,所有権,60,-,無指定,-,-,-,-,-,-,専任,-,-,転載不可,現況渡し,高台店,053-437-1976,34.7571251,137.7780573
665,売地,浜松市中央区大島町137,-,2026/05/29,680,6.78,-,331.98,所有権,60,-,-,-,-,-,-,-,-,媒介,-,-,転載不可,現況渡し,(株)セカイエ,053-581-8300,34.7653152,137.7773217
666,売地,浜松市中央区大島町３６３,-,2026/06/01,700,5.1,徒歩23分,454.0,所有権,-,-,無指定,-,-,-,-,-,-,一般,-,-,転載不可,現況渡し,袋井店,0538-31-8711,34.7653152,137.7773217
667,売地,浜松市中央区大島町1004,-,2026/04/18,700,6.91,徒歩21分,335.0,所有権,60,-,無指定,-,-,-,-,-,-,媒介,-,-,転載不可,現況渡し,(有)弥生不動産,053-587-0030,34.7653152,137.7773217
668,売地,浜松市中央区大島町１１７４番内,-,2026/04/23,0,5,-,499.0,所有権,60,-,-,-,-,-,-,-,-,媒介,-,-,転載不可,現況渡し,とぴあ浜松農業協同組合不動産センター有玉店,053-476-3152,34.7653152,137.7773217
669,売地,浜松市中央区大島町1004,-,2026/05/07,780,7.7,バス停 大島町 停歩4分,335.0,所有権,60,-,無指定,-,-,-,-,-,-,媒介,-,-,要確認,現況渡し,曳馬土地開発(株),053-463-2161,34.7653152,137.7773217
670,売地,浜松市中央区大島町１００４,-,2026/04/23,780,7.7,バス停 大島町 停歩4分,335.0,所有権,60,-,-,-,-,-,-,-,-,媒介,-,-,要確認,現況渡し,とぴあ浜松農業協同組合不動産センター有玉店,053-476-3152,34.7653152,137.7773217
671,売地,浜松市中央区大島町1479外 一部,-,2026/05/22,790,5.27,バス停 上大瀬公会堂 停歩3分,496.24,所有権,60,-,無指定,-,-,-,-,-,-,一般,-,-,転載不可,現況渡し,アイエス宅建,053-434-6810,34.7653152,137.7773217
672,売地,浜松市中央区大島町559外1筆 一部,-,2026/04/30,50,7.5,バス停 東高校入口 停歩3分,431.48,所有権,60,-,無指定,-,-,-,-,-,-,専任,-,-,転載不可,現況渡し,アイエス宅建,053-434-6810,34.7653152,137.7773217
673,売地,浜松市中央区大島町,-,2026/05/29,980,7.16,徒歩30分,453.0,所有権,60,-,取引態様,-,-,-,-,-,-,専任,-,-,要確認,現況渡し,水嶋宅建(株),053-433-7660,34.7653152,137.7773217
674,売地,浜松市中央区大島町,-,2026/05/26,64,6.64,-,498.27,所有権,60,-,無指定,-,-,-,-,-,-,一般,-,-,要確認,更地渡し,(株)マストレ企画営業所,053-401-3456,34.7653152,137.7773217
675,売地,浜松市中央区大島町７７８,-,2026/04/23,50,7.5,バス停 上大瀬公会堂 停歩5分,499.99,所有権,60,-,-,-,-,-,-,-,-,媒介,-,-,転載不可,相談,とぴあ浜松農業協同組合不動産センター有玉店,053-476-3152,34.7653152,137.7773217
676,売地,浜松市中央区大島町1119 の一部,-,2026/03/30,1680,14.64,バス停 上大瀬公会堂 停歩2分,379.5,所有権,60,-,無指定,-,-,-,-,-,-,一般,-,-,転載不可,現況渡し,アイエス宅建,053-434-6810,34.7653152,137.7773217
677,売地,浜松市中央区大島町1119,-,2026/04/09,2700,13.45,バス停 上大瀬公会堂 停歩2分,664.0,所有権,60,-,無指定,-,-,-,-,-,-,一般,-,-,転載不可,現況渡し,アイエス宅建,053-434-6810,34.7653152,137.7773217
678,売地,浜松市中央区大島町1473外5筆,-,2026/04/30,9900,11.84,バス停 上大瀬公会堂 停歩3分,2766.35,所有権,60,-,無指定,-,-,-,-,-,-,一般,-,-,転載不可,現況渡し,アイエス宅建,053-434-6810,34.7653152,137.7773217
679,売地,浜松市中央区大瀬町417-1,-,2026/04/29,580,5.51,徒歩5分,348.0,所有権,60,-,-,-,-,-,-,-,-,媒介,-,-,転載不可,建築条件付,(株)アトラック,053-454-4551,34.7576309,137.7575379
680,売地,浜松市中央区大瀬町,-,2026/05/14,600,4.71,徒歩17分,421.19,所有権,60,-,無指定,-,-,-,-,-,-,一般,-,-,要確認,現況渡し,(株)マストレ,053-448-5656,34.7592816,137.7711552
681,売地,浜松市中央区大瀬町,-,2026/05/08,95,5.95,-,445.0,所有権,60,-,無指定,-,-,-,-,-,-,一般,-,-,要確認,現況渡し,高林支店,053-472-5656,34.7592816,137.7711552
682,売地,浜松市中央区大瀬町2446-1・2447-2,-,2026/04/09,800,7.98,バス停 さぎの宮北 停歩2分,331.58,所有権,60,-,無指定,-,-,-,-,-,-,専属専任,-,-,転載不可,現況渡し,アイエス宅建,053-434-6810,34.7592816,137.7711552
683,売地,浜松市中央区大瀬町,-,2026/05/17,840,8.03,徒歩3分,346.0,所有権,60,-,無指定,-,-,-,-,-,-,一般,-,-,転載不可,現況渡し,(株)マストレ東営業所,053-462-5656,34.7592816,137.7711552
684,売地,浜松市中央区大平台１丁目8-18,-,2026/05/08,5280,40.76,バス停 大平台２丁目北 停歩10分,428.32,所有権,40,-,1種低層,-,-,-,-,-,-,一般,-,-,転載不可,更地渡し,(株)マルショウ企画,053-447-1115,34.7204463,137.6878535
685,売地,浜松市中央区大平台２丁目,-,2026/05/29,4000,39.43,バス停 大平台２丁目南 停歩2分,335.39,所有権,40,-,1種低層,-,-,-,-,-,-,一般,-,-,転載不可,現況渡し,本店,058-246-4770,34.7128569,137.6861319
686,売地,浜松市中央区大平台３丁目128番12,-,2026/03/16,96,33.96,-,350.46,所有権,80,-,近隣商業,-,-,-,-,-,-,媒介,-,-,転載不可,建築条件付,(株)リンク,053-424-5000,34.7128133,137.6793606
687,売地,浜松市中央区大柳町107-1,-,2026/04/08,3864,9.4,-,1359.15,所有権,-,-,-,-,-,-,-,-,-,専任,-,-,転載不可,現況渡し,ゼロ(株),053-482-8777,34.6808841,137.7548272
688,売地,浜松市中央区大山町4067-1,-,2026/04/07,0,7,徒歩30分,2819.0,所有権,60,-,無指定,-,-,-,-,-,-,一般,-,-,転載不可,現況渡し,SMD不動産(株),053-401-4235,34.7789509,137.6812072
689,売地,浜松市中央区笠井上町,-,2026/05/14,57,11.57,-,365.97,所有権,60,-,1種住居,-,-,-,-,-,-,一般,-,-,要確認,現況渡し,(株)マストレ,053-448-5656,34.77619540000001,137.7989098
690,売地,浜松市中央区笠井上町,-,2026/05/26,51,12.51,-,343.62,所有権,60,-,無指定,-,-,-,-,-,-,一般,-,-,要確認,更地渡し,(株)マストレ,053-448-5656,34.77619540000001,137.7989098
691,売地,浜松市中央区笠井新田町111番2,-,2026/05/05,0,23,徒歩21分,354.07,所有権,60,-,無指定,-,-,-,-,-,-,一般,-,-,転載不可,現況渡し,浜松損害保険サービス(株),053-459-4180,34.7708661,137.7897631
692,売地,浜松市中央区笠井町1526,-,2026/05/21,1000,6.63,バス停 西の山 停歩8分,498.84,所有権,60,-,無指定,-,-,-,-,-,-,一般,-,-,転載不可,現況渡し,(株)クレイドル,053-424-9966,34.7681043,137.7945914
693,売地,浜松市中央区笠井町1546-3,-,2026/04/16,1000,10,徒歩36分,330.63,所有権,60,-,無指定,-,-,-,-,-,-,専属専任,-,-,転載不可,現況渡し,(株)トコー不動産,0538-55-2840,34.764148,137.7934432
694,売地,浜松市中央区笠井町1525-1,-,2026/05/21,1550,12.29,徒歩34分,417.05,所有権,60,-,無指定,-,-,-,-,-,-,専任,-,-,要確認,現況渡し,(株)クレイドル,053-424-9966,34.7681043,137.7945914
695,売地,浜松市中央区金折町,-,2026/05/24,49,4.49,-,367.0,所有権,60,-,無指定,-,-,-,-,-,-,一般,-,-,転載不可,相談,(有)ホームズ,053-455-2223,34.6923125,137.7822553
696,売地,浜松市中央区金折町,-,2026/05/24,0,4,-,1261.0,所有権,60,-,無指定,-,-,-,-,-,-,一般,-,-,転載不可,相談,(有)ホームズ,053-455-2223,34.6923125,137.7822553
697,売地,浜松市中央区上石田町2178-2,-,2026/04/13,2,-,-,354.0,所有権,60,-,無指定,-,-,-,-,-,-,専任,-,-,転載不可,現況渡し,(株)テラニシ,053-523-6201,34.7503458,137.7819481
698,売地,浜松市中央区上石田町2178-2,-,2026/05/25,0,14,バス停 上石田西 停歩4分,650.71,所有権,60,-,-,-,-,-,-,-,-,専任,-,-,要確認,現況渡し,上島不動産(株),053-473-5000,34.7503458,137.7819481
699,売地,浜松市中央区神ケ谷町,-,2026/05/17,950,4.69,バス停 神原上 停歩4分,669.91,所有権,60,-,無指定,-,-,-,-,-,-,専任,-,-,転載不可,更地渡し,浜松店,053-471-0202,34.7195665,137.6723068
700,売地,浜松市中央区神ケ谷町８９５２－１,-,2026/05/26,79,20.79,バス停 弥生団地西 停歩11分,582.0,所有権,40,-,無指定,-,-,-,-,-,-,専任,-,-,転載不可,現況渡し,企画営業部,053-476-7112,34.7195665,137.6723068
701,売地,浜松市中央区上島６丁目１３－１０,-,2026/05/19,3000,26.16,徒歩15分,379.14,所有権,60,-,1種中高,-,-,-,-,-,-,専任,-,-,転載不可,相談,高台店,053-437-1976,34.7405048,137.7356526
702,売地,浜松市中央区神田町,-,2026/05/30,90,22.9,-,361.0,所有権,60,-,無指定,-,-,-,-,-,-,一般,-,-,要確認,現況渡し,(株)マストレ,053-448-5656,34.6865976,137.7206176
703,売地,浜松市中央区鴨江２丁目,-,2026/05/24,25,-,-,358.96,所有権,60,-,1種中高,-,-,-,-,-,-,一般,-,-,要確認,現況渡し,(株)マストレ,053-448-5656,34.7039275,137.7132259
704,売地,浜松市中央区鴨江３丁目328-4 他7筆,-,2026/04/06,94,20.94,-,388.0,所有権,60,-,1種中高,-,-,-,-,-,-,一般,-,-,転載不可,更地渡し,(有)アイ・プラン,053-451-4656,34.7074281,137.7107623
705,売地,浜松市中央区河輪町,-,2026/05/09,1000,3.21,東海道本線 浜松 徒歩8 1分,808.88,所有権,60,-,無指定,-,-,-,-,-,-,一般,-,-,転載不可,更地渡し,浜松損害保険サービス(株),053-459-4180,34.6745298,137.7859558
706,売地,浜松市中央区舘山寺町５５番,-,2026/05/07,597,5,バス停 遠鉄バス 東坊塚 停歩3分,395.0,所有権,-,-,取引態様,-,-,-,-,-,-,専任,-,-,転載不可,現況渡し,estate(株),053-454-0711,34.7648184,137.6135392
707,売地,浜松市中央区舘山寺町1422-1,-,2026/03/23,15,3.15,-,819.17,所有権,60,-,1種住居,-,-,-,-,-,-,売主,-,-,要確認,現況渡し,浜松支社,053-450-3964,34.7648184,137.6135392
708,売地,浜松市中央区舘山寺町５２番１ 52番２,-,2026/05/07,1000,5.27,バス停 遠鉄バス 東坊塚 停歩3分,628.0,所有権,60,-,無指定,-,-,-,-,-,-,専任,-,-,転載不可,現況渡し,estate(株),053-454-0711,34.7648184,137.6135392
709,売地,浜松市中央区舘山寺町2642番外1筆,-,2026/04/24,2888,10,バス停 遠鉄バス 馬渡停 停歩6分,955.0,所有権,60,-,1種住居,-,-,-,-,-,-,媒介,-,-,転載不可,相談,とぴあ浜松農業協同組合不動産センター有玉店,053-476-3152,34.7648184,137.6135392
710,売地,浜松市中央区北島町1133番4,-,2026/05/16,1880,14.18,東海道本線 天竜川 徒歩28分,5.48,所有権,60,-,1種住居,-,-,-,-,-,-,専任,-,-,転載不可,-,SKY(株),053-414-2100,34.7326634,137.7868512
711,売地,浜松市中央区北島町849-1、849-2,-,2026/05/23,6400,19.91,東海道本線 天竜川 徒歩21分,1063.0,所有権,60,-,工業地域,-,-,-,-,-,-,一般,-,-,転載不可,現況渡し,浜松損害保険サービス(株),053-459-4180,34.7310076,137.7822553
712,売地,浜松市中央区北島町８４９－１,-,2026/05/16,6400,19.91,東海道本線 天竜川 徒歩26分,1063.0,所有権,60,-,工業地域,-,-,-,-,-,-,一般,-,-,転載不可,相談,事業用不動産流通グループ,053-488-8811,34.7310076,137.7822553
713,売地,浜松市中央区北島町,-,2026/05/15,91,19.91,-,1063.0,所有権,60,-,工業地域,-,-,-,-,-,-,一般,-,-,要確認,現況渡し,(株)マストレ,053-448-5656,34.7310076,137.7822553
714,売地,浜松市中央区貴平町565,-,2026/05/29,3760,9.99,バス停 ＪＡ東・中央営農センター 停歩4分,1245.0,所有権,60,-,取引態様,-,-,-,-,-,-,専任,-,-,転載不可,現況渡し,(株)旭ビジョン,053-458-1355,34.7561144,137.7958252
715,売地,浜松市中央区国吉町1283,-,2026/04/20,680,5.39,東海道本線 天竜川 徒歩24分,417.13,所有権,70,-,無指定,-,-,-,-,-,-,専任,-,-,転載不可,更地渡し,(株)東洋エージェンシー,053-421-0700,34.7217957,137.8007606
716,売地,浜松市中央区国吉町１２０６,-,2026/04/23,0,4,-,987.0,所有権,60,-,-,-,-,-,-,-,-,媒介,-,-,転載不可,現況渡し,とぴあ浜松農業協同組合不動産センター有玉店,053-476-3152,34.7217957,137.8007606
717,売地,浜松市中央区倉松町1515-1,-,2026/04/16,38,4.38,徒歩歩1166分,453.0,所有権,60,-,-,-,-,-,-,-,-,媒介,-,-,転載不可,現況渡し,とぴあ浜松農業協同組合不動産センター湖西店,053-576-6401,34.6807651,137.6844973
718,売地,浜松市中央区倉松町９１８番１、９１９番１,-,2026/05/11,644,5,東海道本線 高塚 徒歩32分,426.0,所有権,60,-,-,-,-,-,-,-,-,媒介,-,-,転載不可,現況渡し,とぴあ浜松農業協同組合不動産センター有玉店,053-476-3152,34.6765846,137.6942433
719,売地,浜松市中央区倉松町,-,2026/05/07,61,5.61,-,383.34,所有権,60,-,無指定,-,-,-,-,-,-,一般,-,-,要確認,更地渡し,(株)マストレ,053-448-5656,34.6756762,137.6922884
720,売地,浜松市中央区倉松町234番Ａ,-,2026/05/28,700,6.42,東海道本線 高塚 徒歩27分,360.62,所有権,60,-,-,-,-,-,-,-,-,媒介,-,-,転載不可,現況渡し,とぴあ浜松農業協同組合不動産センター有玉店,053-476-3152,34.6756762,137.6922884
721,売地,浜松市中央区呉松町2868番1 外2筆,-,2026/04/09,0,10,バス停 動物園 停歩20分,638.64,所有権,60,-,無指定,-,-,-,-,-,-,一般,-,-,転載不可,現況渡し,アイエス宅建,053-434-6810,34.7732281,137.6332155
722,売地,浜松市中央区小池町,-,2026/06/03,1330,10.14,徒歩8分,434.0,所有権,60,-,無指定,-,-,-,-,-,-,一般,-,-,要確認,現況渡し,(株)マストレ,053-448-5656,34.7484403,137.7563588
723,売地,浜松市中央区小池町1904,-,2026/03/31,0,40,徒歩5分,347.0,所有権,60,-,準工業,-,-,-,-,-,-,媒介,-,-,転載不可,現況渡し,曳馬土地開発(株),053-463-2161,34.7484403,137.7563588
724,売地,浜松市中央区小沢渡町1198,-,2026/05/28,8,-,-,427.0,所有権,60,-,-,-,-,-,-,-,-,媒介,-,-,転載不可,現況渡し,とぴあ浜松農業協同組合不動産センター有玉店,053-476-3152,34.6789181,137.6812072
725,売地,浜松市中央区湖東町2808-1,-,2026/05/14,490,4.36,バス停 遠鉄バス停 湖東団地東 停歩3分,371.98,所有権,60,-,無指定,-,-,-,-,-,-,一般,-,-,転載不可,現況渡し,第一伊藤建設(株),053-457-1181,34.7621033,137.6826919
726,売地,浜松市中央区湖東町２７２６－３,-,2026/05/08,950,4.1,バス停 大平西 停歩2分,766.39,所有権,60,-,無指定,-,-,-,-,-,-,一般,-,-,転載不可,更地渡し,事業用不動産流通グループ,053-488-8811,34.7686902,137.6799184
727,売地,浜松市中央区古人見町1570-12,-,2026/04/24,680,3.64,バス停 湖人見団地 停歩5分,619.23,所有権,60,-,無指定,-,-,-,-,-,-,一般,-,-,要確認,現況渡し,(株)Paddle,053-482-7733,34.731336,137.6417391
728,売地,浜松市中央区古人見町689,-,2026/04/26,1150,11.21,-,339.33,所有権,70,-,無指定,-,-,-,-,-,-,売主,-,-,転載不可,更地渡し,浜松駅南店,053-453-3731,34.728991,137.6330044
729,売地,浜松市中央区古人見町1181,-,2026/05/15,2300,2.21,-,3442.0,所有権,-,-,取引態様,-,-,-,-,-,-,媒介,-,-,転載不可,現況渡し,不動産部,053-485-1707,34.7256898,137.6282957
730,売地,"浜松市中央区古人見町1648-15,2354-3",-,2026/04/20,15000,6.61,-,7510.15,所有権,60,-,無指定,-,-,-,-,-,-,媒介,-,-,転載不可,現況渡し,(株)リンク,053-424-5000,34.7325355,137.6416428
731,売地,浜松市中央区材木町29番の一部,-,2026/06/01,850,7.09,東海道本線 天竜川 徒歩19分,396.5,所有権,60,-,-,-,-,-,-,-,-,媒介,-,-,転載不可,現況渡し,とぴあ浜松農業協同組合不動産センター有玉店,053-476-3152,34.7169909,137.792124
732,売地,浜松市中央区材木町29番の一部,-,2026/06/01,1000,8.34,東海道本線 天竜川 徒歩20分,396.5,所有権,60,-,-,-,-,-,-,-,-,媒介,-,-,転載不可,現況渡し,とぴあ浜松農業協同組合不動産センター有玉店,053-476-3152,34.7169909,137.792124
733,売地,浜松市中央区材木町468,-,2026/04/23,2980,13.41,東海道本線 天竜川 徒歩22分,735.0,所有権,60,-,工業地域,-,-,-,-,-,-,媒介,-,-,転載不可,現況渡し,エヌ・ワイ・エフ(株),053-522-7207,34.7169909,137.792124
734,売地,浜松市中央区材木町345,-,2026/03/31,5600,13.32,東海道本線 天竜川 徒歩17分,1390.54,所有権,60,-,工業地域,-,-,-,-,-,-,一般,-,-,転載不可,更地渡し,とぴあ浜松農業協同組合不動産センター有玉店,053-476-3152,34.7169264,137.7897577
735,売地,浜松市中央区幸２丁目285-3,-,2026/05/29,1500,7.58,徒歩18分,655.0,所有権,60,-,1種中高,-,-,-,-,-,-,専任,-,-,要確認,現況渡し,水嶋宅建(株),053-433-7660,34.7382584,137.731091
736,売地,浜松市中央区篠ケ瀬町,-,2026/05/21,2900,27.87,東海道本線 天竜川 徒歩25分,344.1,所有権,60,-,1種住居,-,-,-,-,-,-,一般,-,-,転載不可,相談,浜松店,053-401-0875,34.7278635,137.774855
737,売地,浜松市中央区佐鳴台６丁目３－１８他,-,2026/04/03,53000,17.19,バス停 ホワイトストリート 停歩3分,10195.13,所有権,30,-,1種低層,-,-,-,-,-,-,一般,-,-,転載不可,現況渡し,売買資産活用部,053-450-8008,34.7102887,137.6949808
738,売地,浜松市中央区佐浜町3920-3他,-,2026/04/30,1,-,-,4251.0,所有権,60,-,無指定,-,-,-,-,-,-,媒介,-,-,転載不可,相談,ホームパートナー(株),053-525-0755,34.7468483,137.640596
739,売地,浜松市中央区参野町59-1,-,2026/05/28,72,33.72,-,1314.0,所有権,60,-,1種住居,-,-,-,-,-,-,売主,-,-,転載不可,現況渡し,(株)五興不動産開発,053-413-2625,34.6923863,137.7569752
740,売地,浜松市中央区三新町字中通297番1・298番,-,2026/04/24,0,4.38,-,417.48,所有権,60,-,無指定,-,-,-,-,-,-,専任,-,-,転載不可,現況渡し,天竜不動産,053-926-2511,34.6654208,137.7859558
741,売地,浜松市中央区三和町,-,2026/05/25,1063,5,東海道本線 天竜川 徒歩30分,703.0,所有権,60,-,無指定,-,-,-,-,-,-,一般,-,-,転載不可,現況渡し,Smife浜松西支店,053-449-7111,34.7065131,137.7674557
742,売地,浜松市中央区三和町539,-,2026/05/17,1063,5,東海道本線 天竜川 徒歩24分,703.0,所有権,60,-,無指定,-,-,-,-,-,-,一般,-,-,転載可,現況渡し,みき不動産(株),053-581-9266,34.7065131,137.7674557
743,売地,浜松市中央区三和町５３９,-,2026/05/16,1063,5,バス停 三和町（静岡県） 停歩7分,703.0,所有権,60,-,無指定,-,-,-,-,-,-,一般,-,-,転載不可,現況渡し,事業用不動産流通グループ,053-488-8811,34.7065131,137.7674557
744,売地,浜松市中央区三和町,-,2026/05/27,0,10,-,362.0,所有権,70,-,無指定,-,-,-,-,-,-,一般,-,-,要確認,相談,(株)マストレ,053-448-5656,34.7065131,137.7674557
745,売地,浜松市中央区三和町397,-,2026/05/09,2700,18.15,東海道本線 天竜川 徒歩29分,492.0,所有権,60,-,1種住居,-,-,-,-,-,-,一般,-,-,転載不可,現況渡し,浜松東店,053-467-6700,34.7065131,137.7674557
746,売地,浜松市中央区鹿谷町２４２－３８、２４８－４,-,2026/05/24,2000,10.91,バス停 Ｕホール 停歩4分,606.03,所有権,60,-,2種住居,-,-,-,-,-,-,一般,-,-,要確認,現況渡し,企画営業部,053-476-7112,34.7158665,137.7212337
747,売地,浜松市中央区鹿谷町12-17,-,2026/05/25,83,32.83,-,350.5,所有権,60,-,2種住居,-,-,-,-,-,-,媒介,-,-,転載不可,更地渡し,(株)グッド不動産売買,053-488-9440,34.7159699,137.7242036
748,売地,浜松市中央区蜆塚１丁目,-,2026/05/07,18,-,-,469.62,所有権,60,-,1種中高,-,-,-,-,-,-,売主,-,-,転載不可,現況渡し,浜松営業所,053-456-2103,34.7121954,137.71261
749,売地,浜松市中央区篠原町22598-1,-,2026/04/03,98,6.98,-,451.0,所有権,60,-,-,-,-,-,-,-,-,一般,-,-,転載不可,現況渡し,クリエイト・ジャパン浜松西(株),053-447-7941,34.6858129,137.6708537
750,売地,浜松市中央区篠原町,-,2026/06/01,1,-,-,708.0,所有権,60,-,1種住居,-,-,-,-,-,-,一般,-,-,転載不可,現況渡し,浜松店,053-401-0875,34.6858129,137.6708537
751,売地,浜松市中央区四本松町352,-,2026/05/21,0,16,-,494.0,所有権,60,-,無指定,-,-,-,-,-,-,媒介,-,-,転載可,現況渡し,RBS(有),053-443-8578,34.6815331,137.7651244
752,売地,浜松市中央区下石田町73番1,-,2026/05/07,550,5.24,バス停 遠鉄バス 上石田西 停歩9分,347.43,所有権,60,-,-,-,-,-,-,-,-,媒介,-,-,転載不可,現況渡し,コイケ総建(株),053-422-3003,34.7388826,137.7847223
753,売地,浜松市中央区下石田町1315,-,2026/04/01,550,5.37,バス停 下石田南 停歩9分,339.0,所有権,60,-,無指定,-,-,-,-,-,-,媒介,-,-,要確認,現況渡し,丸八不動産(株),053-455-0808,34.7388826,137.7847223
754,売地,浜松市中央区下江町492・493,-,2026/05/28,0,7,バス停 下江町前 停歩6分,370.0,所有権,60,-,取引態様,-,-,-,-,-,-,一般,-,-,転載不可,現況渡し,とぴあ浜松農業協同組合不動産センター有玉店,053-476-3152,34.6799378,137.7705386
755,売地,浜松市中央区常光町168-1,-,2026/04/02,1014,7,-,479.0,所有権,-,-,無指定,-,-,-,-,-,-,媒介,-,-,転載不可,現況渡し,(株)竹林不動産,053-433-4451,34.751204,137.8056964
756,売地,浜松市中央区白羽町419の一部,-,2026/04/30,450,4.51,バス停 遠鉄バス・大畑バス停 停歩7分,339.06,所有権,60,-,無指定,-,-,-,-,-,-,専任,-,-,転載不可,現況渡し,アースデイ不動産,053-441-2103,34.6808954,137.7366365
757,売地,浜松市中央区白羽町,-,2026/06/01,1340,8.86,バス停 貝まぐり 停歩7分,500.0,所有権,60,-,無指定,-,-,-,-,-,-,専任,-,-,転載不可,相談,あららぎ不動産(株),053-464-5557,34.6808954,137.7366365
758,売地,浜松市中央区白羽町38-1,-,2026/06/02,1680,12.18,ＪＲ東海道新幹線 浜松 徒歩31分,456.07,所有権,60,-,無指定,-,-,-,-,-,-,一般,-,-,転載不可,相談,(株)アランアール,053-488-5590,34.683511,137.7400031
759,売地,浜松市中央区積志町,-,2026/05/14,290,2.44,徒歩9分,394.0,所有権,60,-,無指定,-,-,-,-,-,-,一般,-,-,要確認,現況渡し,(株)マストレ,053-448-5656,34.7679446,137.7674557
760,売地,浜松市中央区積志町,-,2026/05/11,298,2,徒歩11分,493.0,所有権,60,-,無指定,-,-,-,-,-,-,専任,-,-,転載不可,現況渡し,(有)大西屋,053-585-3401,34.7679446,137.7674557
761,売地,"浜松市中央区積志町1285,1286の一部",-,2026/05/22,0,3,徒歩9分,490.8,所有権,-,-,無指定,-,-,-,-,-,-,専任,-,-,転載不可,相談,アイエス宅建,053-434-6810,34.7679446,137.7674557
762,売地,浜松市中央区積志町766番外1筆の一部,-,2026/03/30,50,6.5,徒歩5分,367.5,所有権,60,-,無指定,-,-,-,-,-,-,一般,-,-,転載不可,現況渡し,アイエス宅建,053-434-6810,34.7679446,137.7674557
763,売地,浜松市中央区積志町,-,2026/05/14,750,6.01,徒歩8分,413.11,所有権,60,-,無指定,-,-,-,-,-,-,一般,-,-,要確認,現況渡し,(株)マストレ,053-448-5656,34.7679446,137.7674557
764,売地,浜松市中央区積志町972-1の一部、972-2の一部,-,2026/03/30,780,5.17,徒歩9分,499.0,所有権,60,-,無指定,-,-,-,-,-,-,専任,-,-,転載不可,現況渡し,アイエス宅建,053-434-6810,34.7679446,137.7674557
765,売地,浜松市中央区積志町9-2,-,2026/03/30,1054,9.01,徒歩9分,387.0,所有権,60,-,無指定,-,-,-,-,-,-,専属専任,-,-,転載不可,更地渡し,アイエス宅建,053-434-6810,34.7679446,137.7674557
766,売地,浜松市中央区積志町766番外1筆,-,2026/03/30,51,5.51,徒歩5分,1182.0,所有権,60,-,無指定,-,-,-,-,-,-,一般,-,-,転載不可,現況渡し,アイエス宅建,053-434-6810,34.7679446,137.7674557
767,売地,浜松市中央区増楽町745-1,-,2026/05/12,2150,18.69,東海道本線 高塚 徒歩12分,380.36,所有権,60,-,1種住居,-,-,-,-,-,-,媒介,-,-,転載可,更地渡し,ユウナンエイト(株),053-401-9723,34.6874956,137.6879769
768,売地,浜松市中央区高丘北１丁目151-9,-,2026/06/02,0,40,-,345.42,所有権,60,-,1種住居,-,-,-,-,-,-,一般,-,-,転載不可,現況渡し,(株)アランアール,053-488-5590,34.763228,137.7082987
769,売地,浜松市中央区高丘北１丁目51,-,2026/05/26,0,40,-,345.42,所有権,60,-,1種住居,-,-,-,-,-,-,売主,-,-,要確認,現況渡し,遠州建設(株),053-445-6288,34.7633322,137.7103773
770,売地,浜松市中央区高丘北１丁目,-,2026/05/12,0,40,-,345.42,所有権,60,-,1種住居,-,-,-,-,-,-,一般,-,-,要確認,現況渡し,(株)マストレ企画営業所,053-401-3456,34.763228,137.7082987
771,売地,"浜松市中央区高塚町1561,1574",-,2026/05/08,2630,7.01,東海道本線 高塚 徒歩11分,1241.0,所有権,60,-,-,-,-,-,-,-,-,専任,-,-,転載不可,現況渡し,(株)マルショウ企画,053-447-1115,34.6896781,137.6824383
772,売地,浜松市中央区立野町219番1内（西側）219番2内,-,2026/05/11,627,5,バス停 立野 停歩2分,415.0,所有権,60,-,-,-,-,-,-,-,-,媒介,-,-,転載不可,現況渡し,とぴあ浜松農業協同組合不動産センター有玉店,053-476-3152,34.6851624,137.7737592
773,売地,浜松市中央区立野町３３６番一部,-,2026/03/23,680,5.36,バス停 立野 停歩3分,419.86,所有権,60,-,-,-,-,-,-,-,-,媒介,-,-,転載不可,現況渡し,とぴあ浜松農業協同組合不動産センター有玉店,053-476-3152,34.6868933,137.774855
774,売地,浜松市中央区立野町215-1,-,2026/05/28,1100,7.33,バス停 立野 停歩1分,496.67,所有権,60,-,無指定,-,-,-,-,-,-,媒介,-,-,転載不可,更地渡し,とぴあ浜松農業協同組合不動産センター有玉店,053-476-3152,34.6856664,137.773795
775,売地,浜松市中央区立野町大門西２６０,-,2026/04/12,0,13,バス停 立野 停歩3分,373.0,所有権,70,-,無指定,-,-,-,-,-,-,一般,-,-,転載不可,現況渡し,(株)不動産のおかもと,053-443-2000,34.6868933,137.774855
776,売地,浜松市中央区恒武町,-,2026/05/11,41,7.41,-,339.2,所有権,60,-,無指定,-,-,-,-,-,-,一般,-,-,要確認,更地渡し,(株)マストレ,053-448-5656,34.7633751,137.7995267
777,売地,掛川市大坂6219-1,-,2026/05/07,2450,6,-,1350.0,所有権,60,-,無指定,-,-,-,-,-,-,専任,-,-,要確認,現況渡し,(有)ワクダ総合企画,0537-72-6044,34.6698829,138.0454266
778,売地,掛川市大渕,-,2026/05/19,80,3.8,-,340.03,所有権,60,-,無指定,-,-,-,-,-,-,一般,-,-,要確認,更地渡し,(株)マストレ,053-448-5656,34.6832229,138.0059825
779,売地,掛川市大渕10430-26,-,2026/04/12,77,4.77,-,346.57,所有権,60,-,無指定,-,-,-,-,-,-,一般,-,-,転載不可,現況渡し,すぎや不動産(株),0537-28-9901,34.6797063,137.9972392
780,売地,掛川市大渕12000-2,-,2026/03/23,35,5.35,-,340.03,所有権,60,-,-,-,-,-,-,-,-,媒介,-,-,要確認,現況渡し,豊和不動産(株),0538-43-1880,34.6754551,138.0081551
781,売地,掛川市上土方旦付新田,-,2026/04/29,120,3.58,-,351.39,所有権,60,-,無指定,-,-,-,-,-,-,媒介,-,-,転載不可,現況渡し,(有)鈴木不動産,0537-74-3388,34.71354,138.0183705
782,売地,掛川市上土方落合,-,2026/06/02,368,4.53,バス停 落合 停歩4分,413.0,所有権,60,-,無指定,-,-,-,-,-,-,専任,-,-,転載不可,現況渡し,(株)アーガス,0537-21-7777,34.7191828,138.034479
783,売地,掛川市上土方落合1492,-,2026/04/29,1,-,-,655.0,所有権,60,-,-,-,-,-,-,-,-,媒介,-,-,転載不可,現況渡し,(有)鈴木不動産,0537-74-3388,34.7117953,138.0381685
784,売地,掛川市上土方落合,-,2026/05/06,1300,2.28,バス停 落合下 停歩2分,1885.25,所有権,60,-,無指定,-,-,-,-,-,-,一般,-,-,転載不可,更地渡し,(株)アーガス,0537-21-7777,34.7191828,138.034479
785,売地,掛川市国安1038-1,-,2026/03/24,300,0.55,-,1809.0,所有権,50,-,1種低層,-,-,-,-,-,-,専属専任,-,-,転載不可,現況渡し,(有)さくら企画,0537-35-5558,34.6651598,138.0669044
786,売地,掛川市国安752-3,-,2026/05/07,350,1.32,-,883.0,所有権,50,-,1種低層,-,-,-,-,-,-,専任,-,-,転載可,現況渡し,(有)ワクダ総合企画,0537-72-6044,34.6654834,138.0671485
787,売地,"掛川市下土方1612-1,1612-2,1612-3",-,2026/05/28,150,1.19,-,418.0,所有権,60,-,無指定,-,-,-,-,-,-,媒介,-,-,転載不可,現況渡し,(株)ライフイン企画,0537-73-6262,34.6965902,138.0431549
788,売地,掛川市下土方,-,2026/05/06,150,1.19,バス停 土方 停歩8分,418.0,所有権,60,-,無指定,-,-,-,-,-,-,一般,-,-,転載不可,相談,(株)アーガス,0537-21-7777,34.6965902,138.0431549
789,売地,掛川市下土方2404-5,-,2026/03/27,488,4,バス停 静鉄バス・土方バス停 停歩10分,404.0,所有権,60,-,無指定,-,-,-,-,-,-,専任,-,-,転載不可,現況渡し,アースデイ不動産,053-441-2103,34.6965902,138.0431549
790,売地,掛川市下土方,-,2026/05/08,540,1.33,-,1347.88,所有権,60,-,無指定,-,-,-,-,-,-,専任,-,-,転載不可,相談,(株)アーガス,0537-21-7777,34.6965902,138.0431549
791,売地,掛川市下土方,-,2026/05/22,680,4.34,-,518.0,所有権,60,-,無指定,-,-,-,-,-,-,専任,-,-,転載不可,相談,(株)アーガス,0537-21-7777,34.6965902,138.0431549
792,売地,掛川市高瀬1732-2他3筆,-,2026/04/24,720,5.03,-,474.0,所有権,60,-,取引態様,-,-,-,-,-,-,媒介,-,-,転載可,現況渡し,駅南センターアーバンクリエイト,0537-21-5588,34.7285394,138.0431549
793,売地,掛川市高瀬143,-,2026/04/29,77,5.77,-,774.0,所有権,60,-,-,-,-,-,-,-,-,媒介,-,-,転載不可,現況渡し,(有)鈴木不動産,0537-74-3388,34.7210133,138.0519711
794,売地,掛川市中2772-1,-,2026/05/07,67,2.67,-,496.8,所有権,60,-,無指定,-,-,-,-,-,-,専任,-,-,転載可,更地渡し,(有)ワクダ総合企画,0537-72-6044,34.6870626,138.0637395
795,売地,掛川市中2772-2,-,2026/05/07,67,2.67,-,497.0,所有権,60,-,無指定,-,-,-,-,-,-,専任,-,-,転載可,更地渡し,(有)ワクダ総合企画,0537-72-6044,34.6866704,138.0629907
796,売地,掛川市中912番1,-,2026/06/01,580,3.27,-,588.0,所有権,60,-,無指定,-,-,-,-,-,-,媒介,-,-,転載不可,相談,(有)マイスター工房,0537-37-2811,34.6866704,138.0629907
797,売地,掛川市中819,-,2026/05/15,755,4.99,-,501.0,所有権,60,-,無指定,-,-,-,-,-,-,一般,-,-,要確認,現況渡し,(株)金田工務店,0537-22-9883,34.6866704,138.0629907
798,売地,掛川市中２７７２－２,-,2026/05/26,800,5.33,バス停 三本松 停歩7分,497.0,所有権,60,-,無指定,-,-,-,-,-,-,一般,-,-,転載不可,現況渡し,掛川店・掛川住宅プラザ,0537-23-5103,34.6866704,138.0629907
799,売地,掛川市西大渕155-1,-,2026/05/11,400,3.36,バス停 大須賀役場前 停歩3分,393.8,所有権,60,-,無指定,-,-,-,-,-,-,一般,-,-,要確認,現況渡し,平成不動産,0537-48-0576,34.67825990000001,137.9888698
800,売地,掛川市西大渕,-,2026/04/30,75,2.75,バス停 横須賀車庫前 停歩3分,496.0,所有権,40,-,1種低層,-,-,-,-,-,-,専任,-,-,転載不可,現況渡し,(株)アーガス,0537-21-7777,34.6756257,137.9823679
801,売地,掛川市西大渕4311-2,-,2026/04/07,50,4.5,バス停 西田町 停歩1分,380.69,所有権,60,-,2種中高,-,-,-,-,-,-,専任,-,-,転載不可,現況渡し,平成不動産,0537-48-0576,34.6826531,137.9734226
802,売地,掛川市西大渕,-,2026/05/26,648,4.91,-,25.83,所有権,60,-,1種中高,-,-,-,-,-,-,専任,-,-,転載不可,-,(株)アーガス,0537-21-7777,34.6756257,137.9823679
803,売地,掛川市西大渕,-,2026/05/30,670,6.62,-,334.61,所有権,60,-,2種中高,-,-,-,-,-,-,一般,-,-,転載不可,更地渡し,(株)アーガス,0537-21-7777,34.6756257,137.9823679
804,売地,掛川市西大渕5289-2,-,2026/04/19,670,6.62,-,334.61,所有権,70,-,2種中高,-,-,-,-,-,-,一般,-,-,転載不可,相談,浜松東店,053-467-6700,34.6813529,137.9777444
805,売地,掛川市西大渕4318-1,-,2026/06/02,170,1.31,-,430.7,所有権,60,-,2種住居,-,-,-,-,-,-,専任,-,-,転載不可,現況渡し,(株)日成,0538-23-2850,34.6826767,137.9747108
806,売地,掛川市三俣１３３５番１,-,2026/04/08,3500,6.52,バス停 大東支所 停歩10分,1775.0,所有権,60,-,準工業,-,-,-,-,-,-,一般,-,-,転載可,現況渡し,(株)Paddle,053-482-7733,34.6660952,138.0493528
807,売地,掛川市杉谷南２丁目23番2,-,2026/04/17,780,7.41,東海道本線 掛川 徒歩24分,348.34,所有権,60,-,準工業,-,-,-,-,-,-,売主,-,-,転載不可,相談,(株)グッド不動産売買,053-488-9440,34.7654136,138.0191425
808,売地,掛川市和光２丁目１１番１,-,2026/05/28,1,-,-,459.0,所有権,50,-,1種低層,-,-,-,-,-,-,専任,-,-,転載不可,現況渡し,Co.(株),053-452-6113,34.768823,137.9984128
809,売地,掛川市洋望台,-,2026/05/27,690,5.68,-,402.0,所有権,50,-,1種低層,-,-,-,-,-,-,専任,-,-,転載不可,相談,(株)アーガス,0537-21-7777,34.682975,137.9905016
810,売地,掛川市洋望台,-,2026/05/19,720,3.51,-,679.0,所有権,50,-,1種低層,-,-,-,-,-,-,専任,-,-,転載不可,更地渡し,(株)アーガス,0537-21-7777,34.682975,137.9905016
811,売地,掛川市紅葉台区画19,-,2026/04/06,1885,15.98,ＪＲ東海道新幹線 掛川 徒歩24分,389.96,所有権,60,-,1種中高,-,-,-,-,-,-,一般,-,-,転載不可,現況渡し,アソシオ不動産(株),0538-48-6667,34.7695222,138.0341692
812,売地,袋井市愛野3046-3,-,2026/05/22,1250,16.26,東海道本線 袋井 徒歩11分,340.81,所有権,60,-,1種中高,-,-,-,-,-,-,専任,-,-,転載不可,現況渡し,菊川支店,0537-64-6657,34.7441737,137.931127
813,売地,袋井市宇刈,-,2026/05/22,650,3.95,東海道本線 愛野 徒歩8 3分,544.0,所有権,60,-,無指定,-,-,-,-,-,-,一般,-,-,要確認,現況渡し,(株)マストレ,053-448-5656,34.7956847,137.9267674
814,売地,袋井市宇刈,-,2026/05/29,950,6.45,-,487.37,所有権,60,-,無指定,-,-,-,-,-,-,専任,-,-,転載不可,更地渡し,(株)アーガス,0537-21-7777,34.7956847,137.9267674
815,売地,袋井市小山989,-,2026/03/29,800,3.73,-,709.86,所有権,60,-,無指定,-,-,-,-,-,-,媒介,-,-,転載不可,更地渡し,栄和ハウジング,0538-43-0821,34.7485811,137.8917121
816,売地,袋井市小山７２－１,-,2026/06/02,980,8.98,バス停 小山（袋井市） 停歩3分,361.0,所有権,60,-,無指定,-,-,-,-,-,-,専任,-,-,転載不可,現況渡し,袋井店,0538-31-8711,34.7559236,137.8896229
817,売地,袋井市国本1093-1他,-,2026/06/01,1404,6,東海道本線 愛野 徒歩33分,774.38,所有権,60,-,無指定,-,-,-,-,-,-,媒介,-,-,転載不可,現況渡し,アソシオ不動産(株),0538-48-6667,34.7644654,137.957614
818,売地,袋井市国本,-,2026/05/21,220,13.11,東海道本線 愛野 徒歩33分,604.83,所有権,60,-,無指定,-,-,-,-,-,-,専属専任,-,-,転載不可,更地渡し,(株)Earnest,053-544-7344,34.7644654,137.957614
819,売地,袋井市高尾1547-157,-,2026/04/02,50,2.5,東海道本線 袋井 徒歩18分,685.39,所有権,60,-,無指定,-,-,-,-,-,-,媒介,-,-,転載不可,現況渡し,大河原建設(株),0547-36-2766,34.731633,137.9346434
820,売地,袋井市高尾２５４２－１,-,2026/06/02,2150,15,バス停 睦町（静岡県） 停歩5分,474.0,所有権,60,-,2種中高,-,-,-,-,-,-,一般,-,-,転載不可,更地渡し,浜松店,053-471-0202,34.7393477,137.9255306
821,売地,袋井市高尾2542番1 外3筆,-,2026/03/20,2150,15,東海道本線 袋井 徒歩12分,474.0,所有権,60,-,2種中高,-,-,-,-,-,-,一般,-,-,転載不可,更地渡し,(株)エステートカドル,053-489-5537,34.7393477,137.9255306
822,売地,袋井市徳光186-1,-,2026/05/07,0,3,東海道本線 袋井駅 徒歩51分,818.0,所有権,60,-,無指定,-,-,-,-,-,-,一般,-,-,転載不可,現況渡し,三愛土地開発(有),0538-43-4126,34.7588129,137.9001824
823,売地,袋井市豊沢,-,2026/03/31,400,1.96,バス停 菩提西 停歩25分,678.0,所有権,60,-,無指定,-,-,-,-,-,-,専任,-,-,転載不可,現況渡し,(株)アーガス,0537-21-7777,34.7358647,137.9438038
824,売地,袋井市豊沢1970-1,-,2026/04/23,51,12.51,-,1962.0,所有権,60,-,無指定,-,-,-,-,-,-,一般,-,-,転載不可,相談,(株)タッグ総合企画開発,046-261-5078,34.7361254,137.9436019
825,売地,袋井市延久162-10,-,2026/06/03,1380,9.4,バス停 袋井市自主運行バス 延久公会堂 停歩9分,458.2,所有権,60,-,無指定,-,-,-,-,-,-,専任,-,-,転載不可,更地渡し,遠州トラック(株)不動産営業所,0538-42-0001,34.7626017,137.8966477
826,売地,袋井市彦島,-,2026/05/27,2800,5.63,東海道本線 御厨 徒歩34分,1645.62,所有権,60,-,無指定,-,-,-,-,-,-,一般,-,-,転載不可,更地渡し,浜松損害保険サービス(株),053-459-4180,34.727657,137.903273
827,売地,袋井市松袋井1-1,-,2026/03/31,82,8.82,-,393.79,所有権,60,-,無指定,-,-,-,-,-,-,媒介,-,-,転載不可,更地渡し,住まいる不動産(株),054-205-5454,34.7260931,137.9066725
828,売地,袋井市見取1742番1、1743番、他4筆,-,2026/03/31,750,4.73,-,525.0,所有権,60,-,無指定,-,-,-,-,-,-,媒介,-,-,要確認,現況渡し,(株)エスコーポレーション,0537-64-7555,34.787211,137.8648876
829,売地,袋井市村松,-,2026/04/22,1300,4.35,バス停 東名高速下停 停歩3分,989.0,所有権,60,-,-,-,-,-,-,-,-,媒介,-,-,転載不可,相談,カワイ不動産(有),053-464-8873,34.7758594,137.9391371
830,売地,袋井市山崎,-,2026/05/01,350,1.78,バス停 三輪公会堂 停歩5分,651.32,所有権,60,-,無指定,-,-,-,-,-,-,専任,-,-,転載不可,更地渡し,(株)アーガス,0537-21-7777,34.7121409,137.9663604
831,売地,袋井市山崎,-,2026/03/31,550,3.08,バス停 三輪 停歩7分,591.09,所有権,60,-,無指定,-,-,-,-,-,-,専任,-,-,転載不可,現況渡し,(株)アーガス,0537-21-7777,34.7121409,137.9663604
832,売地,袋井市山科,-,2026/03/29,50,7.5,バス停 山科上 停歩3分,1249.0,所有権,60,-,工業地域,-,-,-,-,-,-,一般,-,-,転載不可,相談,(株)アーガス,0537-21-7777,34.7657689,137.9045093
833,売地,"袋井市鷲巣813-1,823-2",-,2026/05/12,450,2.99,東東海海道道本本線線 袋袋井井 徒徒歩歩3355分,94.0,所有権,60,-,無指定,-,-,-,-,-,-,専任,-,-,転載不可,-,ドルフィンズ,054-639-5645,34.7671191,137.9292411
834,売地,袋井市鷲巣,-,2026/06/02,990,3.82,バス停 袋井商業高校前 停歩16分,858.0,所有権,60,-,無指定,-,-,-,-,-,-,専任,-,-,転載不可,相談,(株)アーガス,0537-21-7777,34.7671191,137.9292411
835,売地,袋井市鷲巣883-1,-,2026/03/30,4500,15.31,-,3711.0,所有権,60,-,無指定,-,-,-,-,-,-,媒介,-,-,転載不可,相談,(株)エム・レップ不動産,053-401-2266,34.7641365,137.9248981
836,売地,袋井市神長15-25,-,2026/05/03,51,14.51,-,407.99,所有権,60,-,1種住居,-,-,-,-,-,-,売主,-,-,要確認,現況渡し,浜松駅南店,053-453-3731,34.7379529,137.9397556
837,売地,袋井市大門14,-,2026/05/12,1980,16.99,東海道本線 袋井 徒歩18分,385.48,所有権,60,-,1種住居,-,-,-,-,-,-,一般,-,-,転載不可,相談,豊和不動産(株),0538-43-1880,34.7369075,137.9372815
838,売地,袋井市浅岡771,-,2026/06/02,110,8.64,-,421.0,所有権,60,-,無指定,-,-,-,-,-,-,専任,-,-,転載不可,現況渡し,(株)日成,0538-23-2850,34.7100963,137.9156372
839,売地,袋井市浅名,-,2026/04/25,21,9.21,-,520.83,所有権,60,-,1種中高,-,-,-,-,-,-,一般,-,-,転載不可,現況渡し,栄和ハウジング,0538-43-0821,34.7161794,137.9354259
840,売地,袋井市浅名590-1他,-,2026/03/09,40,10.4,-,1112.57,所有権,60,-,1種中高,-,-,-,-,-,-,一般,-,-,転載不可,現況渡し,(株)平和堂土地浜松支店,053-413-0811,34.7077606,137.9273079
841,売地,袋井市浅羽,-,2026/05/23,880,8.38,-,347.15,所有権,60,-,1種中高,-,-,-,-,-,-,専任,-,-,転載不可,更地渡し,(株)アーガス,0537-21-7777,34.7138539,137.9240776
842,売地,袋井市浅羽,-,2026/05/26,890,3.39,-,869.0,所有権,60,-,1種中高,-,-,-,-,-,-,専任,-,-,転載不可,相談,(株)アーガス,0537-21-7777,34.7138539,137.9240776
843,売地,袋井市浅羽字貫名地3285,-,2026/05/13,43,10.43,-,634.0,所有権,60,-,無指定,-,-,-,-,-,-,一般,-,-,転載不可,相談,豊和不動産(株),0538-43-1880,34.722684,137.931415
844,売地,袋井市浅羽3455-7,-,2026/03/25,6498,4.43,-,4857.0,所有権,60,-,無指定,-,-,-,-,-,-,媒介,-,-,転載不可,現況渡し,(株)Earnest,053-544-7344,34.7292008,137.9334054
845,売地,袋井市浅羽一色,-,2026/05/13,11,2.11,バス停 中村交差点 停歩6分,581.0,所有権,60,-,無指定,-,-,-,-,-,-,専任,-,-,転載不可,現況渡し,(株)アーガス,0537-21-7777,34.6999335,137.9131641
846,売地,袋井市梅山341-1,-,2026/05/23,500,4.19,バス停 秋葉バスサービス／山崎 停歩28分,395.0,所有権,60,-,無指定,-,-,-,-,-,-,一般,-,-,転載不可,更地渡し,浜松駅南店,053-453-3731,34.6938083,137.9391371
847,売地,袋井市梅山,-,2026/05/19,19,4.19,-,395.0,所有権,60,-,無指定,-,-,-,-,-,-,一般,-,-,要確認,現況渡し,(株)マストレ,053-448-5656,34.6938083,137.9391371
848,売地,袋井市梅山2503-1,-,2026/04/12,600,5.58,-,355.98,所有権,60,-,無指定,-,-,-,-,-,-,一般,-,-,転載可,現況渡し,すぎや不動産(株),0537-28-9901,34.6869223,137.9351773
849,売地,袋井市梅山33-1,-,2026/03/31,750,4.15,-,598.0,所有権,60,-,無指定,-,-,-,-,-,-,媒介,-,-,要確認,現況渡し,(有)浅羽土地開発,0538-23-6511,34.6938083,137.9391371
850,売地,袋井市梅山２７３５,-,2026/05/15,860,8.01,東海道本線 袋井 徒歩56分,355.0,所有権,60,-,無指定,-,-,-,-,-,-,一般,-,-,要確認,現況渡し,中東遠支店,0538-36-8851,34.6831487,137.9350394
851,売地,袋井市梅山2735,-,2026/04/23,860,8.01,-,355.0,所有権,60,-,無指定,-,-,-,-,-,-,媒介,-,-,要確認,現況渡し,(有)浅羽土地開発,0538-23-6511,34.6831487,137.9350394
852,売地,袋井市富里561-1,-,2026/03/31,692,2,-,1146.24,所有権,60,-,無指定,-,-,-,-,-,-,一般,-,-,要確認,相談,(株)エスコーポレーション,0537-64-7555,34.6974142,137.9045093
853,売地,袋井市豊住403-1,-,2026/04/08,1180,5.89,-,663.0,所有権,60,-,無指定,-,-,-,-,-,-,一般,-,-,転載不可,現況渡し,不動産ミック(株),0538-43-6339,34.7016457,137.9280043
854,売地,袋井市中新田133,-,2026/05/01,800,5.98,-,442.3,所有権,60,-,無指定,-,-,-,-,-,-,専任,-,-,転載不可,更地渡し,(株)日成,0538-23-2850,34.6761048,137.9601559
855,売地,袋井市西同笠,-,2026/05/06,300,1.81,-,549.0,所有権,60,-,無指定,-,-,-,-,-,-,一般,-,-,転載不可,相談,Smife浜松西支店,053-449-7111,34.6751386,137.9354259
856,売地,袋井市松原2478-1,-,2026/04/09,1900,1.72,-,3652.0,所有権,60,-,-,-,-,-,-,-,-,媒介,-,-,転載不可,現況渡し,(有)浅羽土地開発,0538-23-6511,34.6869214,137.9255306
857,売地,袋井市湊652-2,-,2026/05/29,5800,4.56,-,4212.0,所有権,60,-,無指定,-,-,-,-,-,-,媒介,-,-,転載不可,現況渡し,(有)浅羽土地開発,0538-23-6511,34.6807304,137.9192881
858,売地,袋井市諸井877番1,-,2026/05/21,1170,8.54,東海道本線 袋井 徒歩31分,453.0,所有権,60,-,無指定,-,-,-,-,-,-,専任,-,-,要確認,現況渡し,司徳Base.(株),0537-25-7178,34.7247146,137.9167051
859,売地,浜松市中央区恒武町552-2,-,2026/04/20,1450,14.23,-,336.95,所有権,60,-,無指定,-,-,-,-,-,-,専任,-,-,転載不可,更地渡し,(株)不動産Labo.,0538-33-6118,34.7670189,137.8001057
860,売地,浜松市中央区天王町467,-,2026/04/07,76,5.76,-,332.96,所有権,60,-,無指定,-,-,-,-,-,-,媒介,-,-,転載不可,現況渡し,(株)トレスト,053-459-0811,34.7394647,137.776643
861,売地,浜松市中央区天王町551,-,2026/04/02,95,5,徒歩36分,1045.0,所有権,60,-,無指定,-,-,-,-,-,-,媒介,-,-,転載不可,現況渡し,(株)竹林不動産,053-433-4451,34.7365309,137.7711552
862,売地,浜松市中央区天王町,-,2026/05/28,1352,6,東海道本線 天竜川 徒歩32分,745.0,所有権,-,-,無指定,-,-,-,-,-,-,専属専任,-,-,転載不可,更地渡し,誠和地建(株),053-474-8870,34.7365309,137.7711552
863,売地,浜松市中央区天王町1810、1811-2,-,2026/05/07,1360,5.01,バス停 天王 停歩4分,899.0,所有権,60,-,取引態様,-,-,-,-,-,-,媒介,-,-,転載不可,現況渡し,(株)村こし,053-423-2220,34.7365309,137.7711552
864,売地,浜松市中央区天王町,-,2026/05/21,4295,35,-,405.71,所有権,60,-,1種住居,-,-,-,-,-,-,一般,-,-,転載不可,更地渡し,浜松店,053-401-0875,34.7365309,137.7711552
865,売地,浜松市中央区天王町734-1,-,2026/05/09,0,35,東海道本線 天竜川 徒歩29分,405.71,所有権,60,-,1種住居,-,-,-,-,-,-,一般,-,-,要確認,現況渡し,(株)Paddle,053-482-7733,34.7365309,137.7711552
866,売地,浜松市中央区天王町1830,-,2026/05/27,4356,5.01,バス停 与進小 停歩5分,2880.0,所有権,60,-,-,-,-,-,-,-,-,専任,-,-,転載不可,現況渡し,上島不動産(株),053-473-5000,34.7365309,137.7711552
867,売地,浜松市中央区天王町,-,2026/05/07,24,-,-,517.18,所有権,60,-,1種住居,-,-,-,-,-,-,売主,-,-,転載不可,現況渡し,浜松営業所,053-456-2103,34.7365309,137.7711552
868,売地,浜松市中央区天龍川町８２４－１,-,2026/05/25,1480,8.69,東海道本線 天竜川 徒歩11分,563.12,所有権,60,-,1種住居,-,-,-,-,-,-,売主,-,-,転載不可,相談,買取再生グループ,053-488-8807,34.7235289,137.7794628
869,売地,浜松市中央区富塚町3780-166,-,2026/06/01,93,6.93,-,597.0,所有権,50,-,無指定,-,-,-,-,-,-,一般,-,-,転載不可,現況渡し,浜松店,053-489-3900,34.7303292,137.6885784
870,売地,浜松市中央区富塚町1774,-,2026/03/16,79,9.79,-,456.0,所有権,30,-,1種低層,-,-,-,-,-,-,専属専任,-,-,転載不可,現況渡し,(有)住まいる不動産,053-437-2490,34.7232056,137.6988992
871,売地,浜松市中央区富塚町2323-3,-,2026/03/31,3866,27,バス停 大崖下 停歩5分,473.38,所有権,30,-,1種低層,-,-,-,-,-,-,媒介,-,-,転載不可,相談,(有)MATプランニング,053-443-9615,34.7232056,137.6988992
872,売地,浜松市中央区富塚町3009-1,-,2026/05/13,7,-,徒歩歩44分,545.41,所有権,50,-,1種低層,-,-,-,-,-,-,一般,-,-,転載可,更地渡し,ユウナンエイト(株),053-401-9723,34.7294299,137.6923928
873,売地,浜松市中央区富塚町,-,2026/05/26,4900,29.7,東海道本線 浜松 徒歩73分,545.41,所有権,50,-,1種低層,-,-,-,-,-,-,専任,-,-,転載不可,更地渡し,浜松損害保険サービス(株),053-459-4180,34.7232056,137.6988992
874,売地,浜松市中央区豊岡町294-1,-,2026/05/08,1,-,-,661.0,所有権,-,-,無指定,-,-,-,-,-,-,媒介,-,-,転載不可,現況渡し,エヌ・ワイ・エフ(株),053-522-7207,34.7898112,137.7280104
875,売地,浜松市中央区豊岡町413-1,-,2026/04/23,1,-,-,2424.16,所有権,-,-,無指定,-,-,-,-,-,-,一般,-,-,転載不可,現況渡し,エヌ・ワイ・エフ(株),053-522-7207,34.7928952,137.7283945
876,売地,浜松市中央区豊西町1059-1・1059-2,-,2026/04/27,2000,5.81,バス停 笠井警察 停歩10分,1324.0,所有権,60,-,無指定,-,-,-,-,-,-,媒介,-,-,転載不可,現況渡し,(株)五興不動産開発,053-413-2625,34.759947,137.8155695
877,売地,浜松市中央区中郡町1699番,-,2026/04/08,680,3.32,徒歩18分,678.0,所有権,60,-,無指定,-,-,-,-,-,-,一般,-,-,転載可,現況渡し,浜日商事(株),053-545-5488,34.772575,137.7810219
878,売地,浜松市中央区中郡町1921-1,-,2026/06/02,80,4.8,-,499.99,所有権,60,-,無指定,-,-,-,-,-,-,一般,-,-,転載不可,更地渡し,センチュリー21中央不動産浜松店,053-584-0021,34.772575,137.7810219
879,売地,浜松市中央区中郡町1921-1,-,2026/06/02,17,5.17,-,463.78,所有権,60,-,無指定,-,-,-,-,-,-,一般,-,-,転載不可,更地渡し,センチュリー21中央不動産浜松店,053-584-0021,34.772575,137.7810219
880,売地,浜松市中央区中郡町1921-1 の一部,-,2026/05/29,750,5.45,徒歩18分,455.0,所有権,60,-,-,-,-,-,-,-,-,専任,-,-,要確認,相談,(株)inst.,053-555-1321,34.772575,137.7810219
881,売地,浜松市中央区中郡町273番内、276番内,-,2026/04/23,857,7.5,徒歩15分,378.0,所有権,60,-,-,-,-,-,-,-,-,媒介,-,-,転載不可,現況渡し,とぴあ浜松農業協同組合不動産センター有玉店,053-476-3152,34.772575,137.7810219
882,売地,浜松市中央区中郡町1991-3,-,2026/03/31,965,8.51,徒歩19分,375.0,所有権,60,-,-,-,-,-,-,-,-,一般,-,-,転載不可,現況渡し,とぴあ浜松農業協同組合不動産センター有玉店,053-476-3152,34.7692382,137.7796134
883,売地,浜松市中央区中里町,-,2026/05/07,15,2.15,-,462.0,所有権,60,-,無指定,-,-,-,-,-,-,一般,-,-,転載不可,現況渡し,浜松営業所,053-456-2103,34.7372952,137.797059
884,売地,浜松市中央区中里町721,-,2026/03/19,0,10,-,372.0,所有権,60,-,無指定,-,-,-,-,-,-,一般,-,-,転載不可,現況渡し,SMD不動産(株),053-401-4235,34.7372952,137.797059
885,売地,浜松市中央区中田島町729,-,2026/03/31,271,1,バス停 新崎裏 停歩5分,896.0,所有権,-,-,無指定,-,-,-,-,-,-,媒介,-,-,転載不可,相談,(株)プラス,053-478-5511,34.6730363,137.7399223
886,売地,浜松市中央区中田島町6-1,-,2026/05/22,50,3.5,-,798.0,所有権,60,-,無指定,-,-,-,-,-,-,一般,-,-,転載不可,現況渡し,SMD不動産(株),053-401-4235,34.6647823,137.7415664
887,売地,浜松市中央区中田島町,-,2026/05/12,73,9.73,-,333.05,所有権,60,-,無指定,-,-,-,-,-,-,一般,-,-,要確認,更地渡し,(株)マストレ,053-448-5656,34.6647823,137.7415664
888,売地,浜松市中央区中田町284-2・284-1・283,-,2026/05/11,0,10,バス停 中田町 停歩6分,1146.0,所有権,60,-,-,-,-,-,-,-,-,一般,-,-,転載不可,更地渡し,とぴあ浜松農業協同組合不動産センター有玉店,053-476-3152,34.7364528,137.7575916
889,売地,浜松市中央区中田町288-1,-,2026/03/30,4410,10,徒歩17分,1458.0,所有権,60,-,-,-,-,-,-,-,-,一般,-,-,要確認,現況渡し,(有)オカベ,053-545-7062,34.7364528,137.7575916
890,売地,浜松市中央区中野町2357-2,-,2026/03/23,110,6.02,東海道本線 天竜川 徒歩35分,605.0,所有権,-,-,-,-,-,-,-,-,-,専任,-,-,転載不可,現況渡し,(有)カズプランニング,053-458-3479,34.7321963,137.7966114
891,売地,浜松市中央区西ケ崎町1021-3外1筆,-,2026/06/02,57,4.57,徒歩5分,373.0,所有権,60,-,-,-,-,-,-,-,-,媒介,-,-,要確認,更地渡し,(有)天商,053-436-6708,34.7747678,137.7674557
892,売地,浜松市中央区西ケ崎町1431,-,2026/03/13,553,4.15,徒歩15分,441.0,所有権,60,-,無指定,-,-,-,-,-,-,専任,-,-,転載不可,現況渡し,(有)大西屋,053-585-3401,34.7747678,137.7674557
893,売地,浜松市中央区西ケ崎町370番内,-,2026/05/28,50,5.5,-,402.0,所有権,60,-,-,-,-,-,-,-,-,媒介,-,-,転載不可,現況渡し,とぴあ浜松農業協同組合不動産センター有玉店,053-476-3152,34.7747678,137.7674557
894,売地,"浜松市中央区西ケ崎町437-1,438-1（C号地）",-,2026/05/08,730,6,徒歩9分,402.33,所有権,60,-,-,-,-,-,-,-,-,媒介,-,-,要確認,現況渡し,古田不動産(株),053-581-9801,34.7747678,137.7674557
895,売地,浜松市中央区西ケ崎町939-1,-,2026/04/09,816,7.01,徒歩16分,385.0,所有権,60,-,無指定,-,-,-,-,-,-,媒介,-,-,転載不可,現況渡し,(有)弥生不動産,053-587-0030,34.7806966,137.7660445
896,売地,浜松市中央区西ケ崎町字カミ370番一部,-,2026/04/28,0,7,バス停 遠鉄バス「西部免許センター」 停歩6分,402.0,所有権,60,-,無指定,-,-,-,-,-,-,一般,-,-,転載可,現況渡し,(株)ヤマセ不動産,053-474-2188,34.7747678,137.7674557
897,売地,浜松市中央区西ケ崎町411番1の一部,-,2026/05/14,22,8.22,-,361.97,所有権,60,-,-,-,-,-,-,-,-,媒介,-,-,転載不可,現況渡し,とぴあ浜松農業協同組合不動産センター湖西店,053-576-6401,34.7747678,137.7674557
898,売地,浜松市中央区西ケ崎町1311-1,-,2026/03/30,1499,9.98,徒歩11分,497.0,所有権,60,-,無指定,-,-,-,-,-,-,専属専任,-,-,転載不可,現況渡し,アイエス宅建,053-434-6810,34.7747678,137.7674557
899,売地,浜松市中央区西ケ崎町７４５－１,-,2026/05/16,1710,10.21,バス停 小松南（静岡県） 停歩13分,553.91,所有権,60,-,無指定,-,-,-,-,-,-,専任,-,-,転載不可,更地渡し,浜松店,053-471-0202,34.7767324,137.7722973
900,売地,浜松市中央区西ケ崎町,-,2026/06/02,2400,4.28,徒歩14分,1858.0,所有権,60,-,無指定,-,-,-,-,-,-,一般,-,-,転載不可,現況渡し,浜松損害保険サービス(株),053-459-4180,34.7747678,137.7674557
901,売地,浜松市中央区西島町,-,2026/04/20,200,1.9,バス停 西島 停歩7分,349.0,所有権,60,-,無指定,-,-,-,-,-,-,一般,-,-,転載不可,現況渡し,あららぎ不動産(株),053-464-5557,34.6609828,137.7674557
902,売地,浜松市中央区西島町,-,2026/05/11,350,2.32,バス停 西島 停歩4分,499.77,所有権,60,-,無指定,-,-,-,-,-,-,一般,-,-,転載不可,更地渡し,あららぎ不動産(株),053-464-5557,34.6609828,137.7674557
903,売地,浜松市中央区西島町,-,2026/05/07,99,3.99,-,497.63,所有権,60,-,無指定,-,-,-,-,-,-,一般,-,-,要確認,現況渡し,(株)マストレ,053-448-5656,34.6609828,137.7674557
904,売地,浜松市中央区西島町,-,2026/05/07,15,4.15,-,956.0,所有権,60,-,無指定,-,-,-,-,-,-,一般,-,-,要確認,現況渡し,(株)マストレ,053-448-5656,34.6609828,137.7674557
905,売地,浜松市中央区西町,-,2026/05/25,0,4,-,486.0,所有権,60,-,無指定,-,-,-,-,-,-,一般,-,-,要確認,相談,(株)マストレ,053-448-5656,34.6844349,137.7797884
906,売地,浜松市中央区西町494番1,-,2026/05/25,1300,9.88,-,435.0,所有権,-,-,-,-,-,-,-,-,-,媒介,-,-,転載不可,現況渡し,(同)睦不動産,053-581-9623,34.6848698,137.7839157
907,売地,浜松市中央区西山町765-4,-,2026/05/07,430,3.09,バス停 西山 停歩6分,461.0,所有権,60,-,-,-,-,-,-,-,-,媒介,-,-,転載不可,更地渡し,(有)大西屋,053-585-3401,34.7411542,137.6884973
908,売地,浜松市中央区西山町765-1,-,2026/05/05,432,2.9,バス停 西山 停歩7分,494.0,所有権,60,-,-,-,-,-,-,-,-,媒介,-,-,転載不可,更地渡し,(有)大西屋,053-585-3401,34.7411542,137.6884973
909,売地,浜松市中央区西山町,-,2026/05/05,69,4.69,-,423.0,所有権,60,-,無指定,-,-,-,-,-,-,一般,-,-,要確認,現況渡し,(株)マストレ,053-448-5656,34.7411542,137.6884973
910,売地,浜松市中央区西山町2043番10,-,2026/05/17,81,13.81,-,347.22,所有権,60,-,無指定,-,-,-,-,-,-,専任,-,-,転載可,現況渡し,リクロス(株),03-5937-6481,34.740512,137.6874695
911,売地,浜松市中央区新橋町812,-,2026/03/23,6,-,-,394.0,所有権,60,-,-,-,-,-,-,-,-,媒介,-,-,転載不可,現況渡し,とぴあ浜松農業協同組合不動産センター有玉店,053-476-3152,34.681355,137.7082987
912,売地,浜松市中央区新橋町,-,2026/05/28,1250,8.89,東海道本線 浜松 徒歩57分,465.0,所有権,60,-,無指定,-,-,-,-,-,-,一般,-,-,転載不可,現況渡し,浜松損害保険サービス(株),053-459-4180,34.681355,137.7082987
913,売地,浜松市中央区新橋町856,-,2026/06/02,1285,12,東海道本線 高塚 徒歩34分,354.19,所有権,60,-,-,-,-,-,-,-,-,媒介,-,-,転載不可,現況渡し,ひばり開発(株),053-488-7477,34.6833462,137.704931
914,売地,浜松市中央区新橋町1193,-,2026/03/22,1930,10.01,-,638.0,所有権,60,-,無指定,-,-,-,-,-,-,媒介,-,-,要確認,相談,(有)MATプランニング,053-443-9615,34.681355,137.7082987
915,売地,浜松市中央区新橋町1451-1,-,2026/04/22,2100,12.25,バス停 新橋町 停歩1分,567.0,所有権,-,-,無指定,-,-,-,-,-,-,一般,-,-,要確認,現況渡し,(株)Paddle,053-482-7733,34.681355,137.7082987
916,売地,浜松市中央区新橋町98、99、100-1,-,2026/04/24,4400,8.33,バス停 体育センター 停歩6分,1748.0,所有権,70,-,取引態様,-,-,-,-,-,-,一般,-,-,転載可,現況渡し,(株)Paddle,053-482-7733,34.681355,137.7082987
917,売地,浜松市中央区新橋町1141、1142、1143,-,2026/04/24,6900,10.35,バス停 新橋東 停歩4分,2204.0,所有権,70,-,-,-,-,-,-,-,-,一般,-,-,転載可,現況渡し,(株)Paddle,053-482-7733,34.681355,137.7082987
918,売地,浜松市中央区根洗町1558-2,-,2026/06/02,500,3.48,バス停 別所 停歩2分,476.0,所有権,60,-,-,-,-,-,-,-,-,媒介,-,-,要確認,更地渡し,(有)天商,053-436-6708,34.798104,137.7021403
919,売地,浜松市中央区根洗町1101-3,-,2026/05/12,800,5.93,バス停 三方原墓園 停歩5分,446.0,所有権,60,-,-,-,-,-,-,-,-,媒介,-,-,転載可,現況渡し,(株)Paddle,053-482-7733,34.798104,137.7021403
920,売地,浜松市中央区根洗町字東400-3,-,2026/04/28,800,4.01,-,661.0,所有権,60,-,-,-,-,-,-,-,-,一般,-,-,転載不可,現況渡し,川井建設(株),053-461-9491,34.798104,137.7021403
921,売地,浜松市中央区根洗町,-,2026/05/19,99,8.99,-,1527.0,所有権,60,-,無指定,-,-,-,-,-,-,一般,-,-,要確認,現況渡し,高林支店,053-472-5656,34.798104,137.7021403
922,売地,浜松市中央区野口町,-,2026/05/10,8900,74.83,徒歩4分,393.21,所有権,80,-,近隣商業,-,-,-,-,-,-,売主,-,-,転載不可,相談,浜松営業所,053-456-2103,34.71690690000001,137.7397176
923,売地,浜松市中央区法枝町219,-,2026/05/29,3200,10.85,バス停 すずかけセントラル病院 停歩3分,975.0,所有権,-,-,取引態様,-,-,-,-,-,-,専任,-,-,要確認,現況渡し,(有)タイガ,053-478-3536,34.678571,137.7252282
924,売地,浜松市中央区初生町9番1の一部,-,2026/04/23,1150,10.25,バス停 （遠）萩原荘 停歩2分,371.0,所有権,60,-,-,-,-,-,-,-,-,媒介,-,-,転載不可,更地渡し,とぴあ浜松農業協同組合不動産センター有玉店,053-476-3152,34.7555484,137.7323498
925,売地,浜松市中央区初生町,-,2026/05/20,1300,12.11,バス停 初生大橋 停歩3分,355.0,所有権,60,-,無指定,-,-,-,-,-,-,専任,-,-,転載不可,更地渡し,ネルネ(株),053-401-1016,34.7676897,137.7267782
926,売地,浜松市中央区初生町,-,2026/05/20,4000,11.43,徒歩37分,1157.0,所有権,60,-,無指定,-,-,-,-,-,-,一般,-,-,転載不可,現況渡し,浜松損害保険サービス(株),053-459-4180,34.7676897,137.7267782
927,売地,浜松市中央区初生町1103-1、1103-5,-,2026/05/08,1,-,-,3756.0,所有権,60,-,無指定,-,-,-,-,-,-,一般,-,-,転載不可,現況渡し,エヌ・ワイ・エフ(株),053-522-7207,34.7725687,137.7337815
928,売地,浜松市中央区花川町1785-2,-,2026/04/27,790,6.25,バス停 花川停 停歩3分,418.02,所有権,60,-,無指定,-,-,-,-,-,-,専任,-,-,要確認,現況渡し,オーク不動産(株),053-555-1074,34.777557,137.6885944
929,売地,浜松市中央区花川町755他3筆,-,2026/05/29,850,6.62,バス停 高台線・東山苑前 停歩2分,424.55,所有権,60,-,-,-,-,-,-,-,-,売主,-,-,要確認,更地渡し,水嶋宅建(株),053-433-7660,34.777557,137.6885944
930,売地,浜松市中央区花川町759,-,2026/05/29,1550,7.19,バス停 遠州鉄道・高台線・東山苑前 停歩2分,713.16,所有権,60,-,-,-,-,-,-,-,-,一般,-,-,転載不可,現況渡し,水嶋宅建(株),053-433-7660,34.7720424,137.6826297
931,売地,浜松市中央区東伊場１丁目３６－８,-,2026/05/06,1980,15.82,バス停 西高入口（浜松市） 停歩6分,413.81,所有権,60,-,1種中高,-,-,-,-,-,-,専任,-,-,転載不可,更地渡し,浜松店,053-471-0202,34.701594,137.7136159
932,売地,浜松市中央区東伊場１丁目,-,2026/05/17,36,-,-,417.53,所有権,60,-,1種中高,-,-,-,-,-,-,一般,-,-,転載不可,現況渡し,Smife浜松東店,053-423-4690,34.7004666,137.7224657
933,売地,浜松市中央区東伊場１丁目4378番78,-,2026/05/20,95,24.95,-,417.53,所有権,60,-,1種中高,-,-,-,-,-,-,一般,-,-,転載不可,現況渡し,松屋不動産販売(株),053-401-6610,34.7004666,137.7224657
934,売地,浜松市中央区東伊場１丁目,-,2026/05/08,95,24.95,-,417.53,所有権,60,-,1種中高,-,-,-,-,-,-,一般,-,-,要確認,現況渡し,(株)マストレ,053-448-5656,34.7004666,137.7224657
935,売地,浜松市中央区東伊場１丁目７－５,-,2026/05/09,5250,38.02,バス停 菅原（静岡県） 停歩4分,456.5,所有権,80,-,近隣商業,-,-,-,-,-,-,専任,-,-,転載不可,更地渡し,企画営業部,053-476-7112,34.7010985,137.72179
936,売地,浜松市中央区東三方町519-1他,-,2026/05/28,50,9.5,-,2518.2,所有権,60,-,-,-,-,-,-,-,-,媒介,-,-,転載不可,建築条件付,RBS(有),053-443-8578,34.7853515,137.7375137
937,売地,浜松市中央区東若林町,-,2026/05/30,1580,11.93,東海道本線 浜松 徒歩36分,438.0,所有権,60,-,無指定,-,-,-,-,-,-,一般,-,-,転載不可,現況渡し,浜松損害保険サービス(株),053-459-4180,34.6902778,137.7132259
938,売地,浜松市中央区東若林町1354番、1355番,-,2026/05/20,50,-,-,841.72,所有権,60,-,無指定,-,-,-,-,-,-,専任,-,-,転載不可,更地渡し,松屋不動産販売(株),053-401-6610,34.6902778,137.7132259
939,売地,浜松市中央区平松町719-1,-,2026/05/18,85,0.76,バス停 東坊塚 停歩16分,370.98,所有権,-,-,無指定,-,-,-,-,-,-,媒介,-,-,要確認,現況渡し,曳馬土地開発(株),053-463-2161,34.7550558,137.6332155
940,売地,浜松市中央区広沢２丁目２２－８,-,2026/05/22,0,20,バス停 浜松病院 停歩4分,458.33,所有権,60,-,1種中高,-,-,-,-,-,-,専任,-,-,要確認,更地渡し,企画営業部,053-476-7112,34.7144539,137.7124797
941,売地,浜松市中央区広沢２丁目22-15,-,2026/05/09,2900,28.28,徒歩29分,339.1,所有権,60,-,1種中高,-,-,-,-,-,-,一般,-,-,要確認,現況渡し,(株)橘不動産,053-401-3303,34.71428849999999,137.7122305
942,売地,浜松市中央区広沢２丁目,-,2026/05/19,15,-,-,547.78,所有権,60,-,1種中高,-,-,-,-,-,-,一般,-,-,要確認,更地渡し,高林支店,053-472-5656,34.7161317,137.7138419
943,売地,浜松市中央区古川町56,-,2026/05/17,486,4,バス停 古川 停歩3分,402.0,所有権,60,-,無指定,-,-,-,-,-,-,一般,-,-,要確認,現況渡し,(株)山崎不動産,053-463-8713,34.6892956,137.7791717
944,売地,浜松市中央区古川町176,-,2026/06/01,1,-,東海道本線 天竜川 徒歩4 1分,368.0,所有権,60,-,-,-,-,-,-,-,-,専任,-,-,転載不可,更地渡し,(株)アース,054-270-3303,34.6892956,137.7791717
945,売地,浜松市中央区芳川町335-3,-,2026/05/22,1800,13.08,東海道本線 天竜川 徒歩4 5分,455.0,所有権,60,-,1種住居,-,-,-,-,-,-,専任,-,-,転載不可,現況渡し,浜松損害保険サービス(株),053-459-4180,34.6872559,137.7649895
946,売地,"浜松市中央区舞阪町浜田672,673-2",-,2026/05/27,97,12.97,徒歩歩88分,331.46,所有権,60,-,準工業,-,-,-,-,-,-,売主,-,-,転載不可,更地渡し,(株)マルショウ企画,053-447-1115,34.6824597,137.6215318
947,売地,浜松市中央区舞阪町舞阪,-,2026/05/27,4700,11.31,東海道本線 舞阪 徒歩20分,1374.08,所有権,60,-,2種住居,-,-,-,-,-,-,一般,-,-,転載不可,現況渡し,浜松損害保険サービス(株),053-459-4180,34.6856194,137.6133215
948,売地,浜松市中央区松小池町394,-,2026/04/19,1530,4.49,東海道本線 天竜川 徒歩34分,1127.0,所有権,60,-,無指定,-,-,-,-,-,-,媒介,-,-,転載不可,現況渡し,(有)伊藤会計不動産部,053-422-9181,34.7351994,137.792124
949,売地,浜松市中央区三方原町1697番7,-,2026/04/03,450,2.98,-,499.39,所有権,60,-,無指定,-,-,-,-,-,-,専属専任,-,-,転載不可,現況渡し,(株)マックスリアリティー,053-412-5800,34.785159,137.7100922
950,売地,浜松市中央区三方原町2095番3、2097番3,-,2026/04/23,480,3.2,バス停 別院 停歩8分,496.0,所有権,-,-,-,-,-,-,-,-,-,媒介,-,-,転載不可,更地渡し,とぴあ浜松農業協同組合不動産センター有玉店,053-476-3152,34.7905988,137.7080767
951,売地,浜松市中央区三方原町182９-1 から分筆,-,2026/04/01,740,2.03,バス停 権七 停歩4分,113.0,所有権,60,-,無指定,-,-,-,-,-,-,一般,-,-,転載不可,現況渡し,(有)イーエム,053-437-1980,34.7852802,137.7022554
952,売地,浜松市中央区三方原町1493-1,-,2026/03/23,746,6.5,バス停 遠鉄バス「権七」 停歩4分,379.42,所有権,60,-,-,-,-,-,-,-,-,専任,-,-,要確認,相談,(株)グリーンランド,052-744-3833,34.785159,137.7100922
953,売地,浜松市中央区三方原町１４８０（ＡＢ号地）,-,2026/05/08,1580,11.08,バス停 権七 停歩1分,471.52,所有権,70,-,-,-,-,-,-,-,-,売主,-,-,要確認,更地渡し,古田不動産(株),053-581-9801,34.785159,137.7100922
954,売地,浜松市中央区三方原町484-3,-,2026/05/29,2430,9.06,-,887.12,所有権,60,-,無指定,-,-,-,-,-,-,専任,-,-,転載不可,更地渡し,(株)セカイエ,053-581-8300,34.7776313,137.7154923
955,売地,浜松市中央区三方原町251-1の一部（A号地）,-,2026/05/08,2857,28.01,バス停 萩野原橋 停歩2分,337.29,所有権,60,-,-,-,-,-,-,-,-,専任,-,-,転載不可,現況渡し,古田不動産(株),053-581-9801,34.785159,137.7100922
956,売地,浜松市中央区三方原町,-,2026/05/09,0,5,-,2379.0,所有権,60,-,無指定,-,-,-,-,-,-,一般,-,-,要確認,現況渡し,(株)マストレ,053-448-5656,34.785159,137.7100922
957,売地,浜松市中央区三方原町１４８４,-,2026/05/08,3791,24,バス停 権七 停歩1分,522.22,所有権,60,-,-,-,-,-,-,-,-,売主,-,-,要確認,現況渡し,古田不動産(株),053-581-9801,34.7806595,137.702581
958,売地,浜松市中央区三方原町1034,-,2026/05/04,19,-,-,2176.0,所有権,60,-,-,-,-,-,-,-,-,媒介,-,-,要確認,現況渡し,テクノ不動産(有),053-484-1107,34.7784502,137.7061821
959,売地,"浜松市中央区三組町28番64,65",-,2026/06/01,7000,30.96,東海道本線 浜松 徒歩25分,747.57,所有権,60,-,1種中高,-,-,-,-,-,-,売主,-,-,転載不可,現況渡し,浜松店,053-489-3900,34.7107384,137.7197678
960,売地,浜松市中央区三組町,-,2026/05/27,41,-,-,1116.61,所有権,70,-,1種住居,-,-,-,-,-,-,専属専任,-,-,転載不可,-,(有)ホームズ,053-455-2223,34.7089332,137.7203096
961,売地,浜松市中央区三島町1348,-,2026/04/20,1280,8.54,ＪＲ東海道新幹線 浜松 徒歩30分,496.0,所有権,-,-,無指定,-,-,-,-,-,-,専任,-,-,転載可,現況渡し,MIND,053-568-2073,34.6879775,137.7452641
962,売地,浜松市中央区三島町26-1,-,2026/05/30,9500,35.49,ＪＲ東海道新幹線 浜松 徒歩19分,885.02,所有権,60,-,1種住居,-,-,-,-,-,-,専任,-,-,転載不可,現況渡し,(株)アール・プランニング,03-3491-0056,34.6879775,137.7452641
963,売地,浜松市中央区南浅田１丁目1331-1,-,2026/04/26,3000,26.59,ＪＲ東海道新幹線 浜松 徒歩24分,373.1,所有権,60,-,1種住居,-,-,-,-,-,-,一般,-,-,要確認,現況渡し,(株)れっく,053-462-2882,34.6922357,137.7298587
964,売地,浜松市中央区三幸町177番1,-,2026/06/01,10900,5,徒歩39分,7207.0,所有権,60,-,無指定,-,-,-,-,-,-,専任,-,-,転載不可,現況渡し,浜松店,053-489-3900,34.8019602,137.7218497
965,売地,浜松市中央区村櫛町2642番1、他4筆,-,2026/05/31,450,3.65,バス停 徒歩7分,408.16,所有権,60,-,1種住居,-,-,-,-,-,-,売主,-,-,転載可,相談,ユウナンエイト(株),053-401-9723,34.7281929,137.5966348
966,売地,浜松市中央区村櫛町3860-1,-,2026/04/20,480,4.55,-,349.0,所有権,60,-,1種住居,-,-,-,-,-,-,専任,-,-,要確認,現況渡し,MIND,053-568-2073,34.7259423,137.5931621
967,売地,浜松市中央区村櫛町,-,2026/05/21,500,3.42,東海道本線 弁天島 徒歩74分,484.0,所有権,60,-,1種住居,-,-,-,-,-,-,一般,-,-,転載不可,現況渡し,浜松損害保険サービス(株),053-459-4180,34.7259423,137.5931621
968,売地,浜松市中央区村櫛町4222-1,-,2026/04/10,650,2.28,-,946.0,所有権,60,-,1種住居,-,-,-,-,-,-,一般,-,-,要確認,現況渡し,(株)ライフデザインクリエイターズRoom’s!不動産,053-401-7905,34.7259423,137.5931621
969,売地,"浜松市中央区村櫛町3706-7,3707-7",-,2026/04/17,97,7.97,-,340.32,所有権,60,-,1種住居,-,-,-,-,-,-,一般,-,-,転載不可,更地渡し,(株)丸浜不動産コンサルティング,053-447-8817,34.7215427,137.5966166
970,売地,浜松市中央区村櫛町3667,-,2026/05/07,0,8,-,370.3,所有権,60,-,1種住居,-,-,-,-,-,-,一般,-,-,転載不可,更地渡し,(有)アイ・プラン,053-451-4656,34.7220525,137.5948124
971,売地,浜松市中央区村櫛町3355番、3352番4,-,2026/05/14,75,6.75,バス停 村櫛中 停歩4分,450.54,所有権,60,-,1種住居,-,-,-,-,-,-,媒介,-,-,転載不可,更地渡し,とぴあ浜松農業協同組合不動産センター有玉店,053-476-3152,34.7241826,137.5913021
972,売地,浜松市中央区村櫛町3803-1,-,2026/04/17,1,-,-,395.0,所有権,70,-,1種住居,-,-,-,-,-,-,一般,-,-,転載不可,更地渡し,(株)丸浜不動産コンサルティング,053-447-8817,34.7243485,137.5961434
973,売地,浜松市中央区村櫛町3882-1,-,2026/05/07,0,10,-,544.7,所有権,60,-,1種住居,-,-,-,-,-,-,一般,-,-,転載不可,現況渡し,(有)アイ・プラン,053-451-4656,34.7259423,137.5931621
974,売地,浜松市中央区安松町60-7・60-8,-,2026/05/22,0,24,東海道本線 天竜川 徒歩32分,454.0,所有権,60,-,準住居,-,-,-,-,-,-,専任,-,-,転載不可,更地渡し,(株)アモルテ,053-522-8885,34.6966275,137.77282
975,売地,浜松市中央区山手町,-,2026/05/19,0,28,-,335.0,所有権,60,-,1種中高,-,-,-,-,-,-,一般,-,-,要確認,相談,(株)マストレ,053-448-5656,34.7079112,137.7052194
976,売地,浜松市中央区山手町22番地,-,2026/04/20,35,-,-,370.0,所有権,60,-,1種中高,-,-,-,-,-,-,専任,-,-,転載不可,更地渡し,浜松営業所,053-473-5115,34.7105083,137.7051425
977,売地,浜松市中央区雄踏町宇布見,-,2026/05/24,56,3.56,-,512.0,所有権,60,-,無指定,-,-,-,-,-,-,専任,-,-,転載不可,現況渡し,(株)吉田不動産,053-592-3131,34.7000235,137.6289066
978,売地,浜松市中央区雄踏町宇布見,-,2026/03/25,1300,7.61,東海道本線 舞阪 徒歩29分,564.93,所有権,-,-,無指定,-,-,-,-,-,-,一般,-,-,転載不可,現況渡し,本店,058-246-4770,34.7000235,137.6289066
979,売地,"浜松市中央区雄踏町宇布見9555-5,9555-6",-,2026/05/18,67,13.67,-,430.53,所有権,60,-,1種住居,-,-,-,-,-,-,一般,-,-,転載不可,現況渡し,(株)マックスリアリティー,053-412-5800,34.6984176,137.6247016
980,売地,浜松市中央区雄踏町宇布見６００番３１３,-,2026/06/04,1820,17.94,バス停 つるが丘東 停歩3分,335.49,所有権,60,-,無指定,-,-,-,-,-,-,専任,-,-,転載不可,更地渡し,浜松店,053-471-0202,34.706284,137.6439782
981,売地,浜松市中央区雄踏町宇布見４０７２－１,-,2026/05/14,74,12.74,-,513.97,所有権,60,-,無指定,-,-,-,-,-,-,一般,-,-,転載不可,更地渡し,事業用不動産流通グループ,053-488-8811,34.6974865,137.6451709
982,売地,浜松市中央区雄踏町宇布見,-,2026/05/29,0,10,-,729.0,所有権,-,-,無指定,-,-,-,-,-,-,一般,-,-,転載不可,現況渡し,本店,058-246-4770,34.7000235,137.6289066
983,売地,浜松市中央区雄踏町宇布見8995-1,-,2026/04/08,4014,23,東海道本線 舞阪 徒歩30分,577.0,所有権,60,-,2種中高,-,-,-,-,-,-,一般,-,-,転載不可,更地渡し,(株)坂田,053-592-1030,34.7016407,137.6251448
984,売地,浜松市中央区雄踏町山崎３８４４,-,2026/05/28,3501,6.5,バス停 山崎南 停歩3分,1781.0,所有権,60,-,-,-,-,-,-,-,-,媒介,-,-,転載不可,現況渡し,とぴあ浜松農業協同組合不動産センター有玉店,053-476-3152,34.7187008,137.6332155
985,売地,浜松市中央区豊町2387-2,-,2026/05/17,86,3.86,-,112.0,所有権,60,-,無指定,-,-,-,-,-,-,専任,-,-,転載不可,-,(有)西遠土地建物センター,053-587-7255,34.773903,137.8015931
986,売地,浜松市中央区豊町2954-2,-,2026/05/30,0,4.83,-,397.73,所有権,60,-,-,-,-,-,-,-,-,一般,-,-,転載不可,現況渡し,コリー(株),053-433-3808,34.7685889,137.8041354
987,売地,浜松市中央区豊町2421,-,2026/03/14,630,4.88,バス停 遠鉄バス「笠井北バス停」 停歩3分,427.0,所有権,60,-,無指定,-,-,-,-,-,-,媒介,-,-,転載不可,現況渡し,(有)弥生不動産,053-587-0030,34.7725864,137.8036703
988,売地,浜松市中央区豊町2425-2,-,2026/04/28,659,4.01,バス停 遠鉄バス「笠井北バス停」 停歩5分,544.0,所有権,60,-,無指定,-,-,-,-,-,-,媒介,-,-,転載不可,現況渡し,(有)弥生不動産,053-587-0030,34.7734135,137.8032853
989,売地,浜松市中央区豊町101,-,2026/05/30,18,5.18,-,511.0,所有権,60,-,-,-,-,-,-,-,-,一般,-,-,転載不可,現況渡し,コリー(株),053-433-3808,34.7725864,137.8036703
990,売地,浜松市中央区豊町117,-,2026/05/30,0,6,-,469.0,所有権,60,-,-,-,-,-,-,-,-,一般,-,-,転載不可,相談,コリー(株),053-433-3808,34.7725864,137.8036703
991,売地,浜松市中央区豊町2208-1,-,2026/05/19,1200,6.92,バス停 遠鉄バス「笠井北」 停歩6分,573.64,所有権,60,-,無指定,-,-,-,-,-,-,専任,-,-,転載不可,現況渡し,(株)ヤマセ不動産,053-474-2188,34.7725864,137.8036703
992,売地,浜松市中央区豊町６４１－３,-,2026/05/28,5197,9,バス停 上村 停歩9分,1909.0,所有権,60,-,無指定,-,-,-,-,-,-,一般,-,-,要確認,相談,事業用不動産流通グループ,053-488-8811,34.7819097,137.8075962
993,売地,"浜松市中央区米津町1548,1550-1,1549-1の一部",-,2026/05/16,411,2.99,バス停 遠鉄バス・ヤマハ発動機寮前 停歩5分,455.23,所有権,60,-,無指定,-,-,-,-,-,-,専任,-,-,転載不可,更地渡し,アースデイ不動産,053-441-2103,34.6720751,137.7132259
994,売地,浜松市中央区米津町1656、1657、1661,-,2026/04/24,6000,10.49,バス停 新橋町 停歩9分,1892.0,所有権,70,-,取引態様,-,-,-,-,-,-,一般,-,-,転載可,現況渡し,(株)Paddle,053-482-7733,34.6720751,137.7132259
995,売地,浜松市中央区龍光町330,-,2026/05/07,1050,8,東海道本線 天竜川 徒歩13分,434.0,所有権,60,-,-,-,-,-,-,-,-,媒介,-,-,転載不可,現況渡し,とぴあ浜松農業協同組合不動産センター有玉店,053-476-3152,34.716955,137.7853391
996,売地,浜松市中央区若林町10番1,-,2026/04/30,0,12,-,389.0,所有権,60,-,無指定,-,-,-,-,-,-,専任,-,-,要確認,更地渡し,(有)グリーンネット,053-445-1030,34.6871044,137.6997702
997,売地,浜松市中央区若林町２６９７－１,-,2026/06/02,2250,14.94,東海道本線 高塚 徒歩30分,498.0,所有権,60,-,無指定,-,-,-,-,-,-,専任,-,-,要確認,建築条件付,事業用不動産流通グループ,053-488-8811,34.6906329,137.703372
998,売地,浜松市中央区若林町1957-9,-,2026/04/06,3100,15.99,東海道本線 高塚 徒歩27分,640.9,所有権,60,-,工業地域,-,-,-,-,-,-,媒介,-,-,転載不可,相談,(有)カミヤプランニングオフィス,053-453-5564,34.6922997,137.7022149
999,売地,浜松市中央区和合北３丁目１７７番１３・１７７番４４,-,2026/05/21,5300,29.76,徒歩4 0分,588.78,所有権,60,-,1種住居,-,-,-,-,-,-,専任,-,-,転載不可,現況渡し,高台店,053-437-1976,34.7405358,137.7150738
1000,売地,浜松市中央区和光町431-8,-,2026/05/11,250,2.41,バス停 東大山 停歩26分,616.0,所有権,-,-,無指定,-,-,-,-,-,-,媒介,-,-,転載不可,-,不動産事業部,053-489-9431,34.7820827,137.6792177
1001,売地,浜松市中央区和合町字西岨272番10,-,2026/05/22,43,7.43,-,347.49,所有権,60,-,1種中高,-,-,-,-,-,-,専任,-,-,転載不可,現況渡し,(株)アモルテ,053-522-8885,34.7381086,137.7141386
1002,売地,浜松市中央区和地町２３２２－１,-,2026/05/13,280,1.21,バス停 鳥居先 停歩10分,765.0,所有権,-,-,無指定,-,-,-,-,-,-,一般,-,-,要確認,現況渡し,企画営業部,053-476-7112,34.7634618,137.6528991
1003,売地,浜松市中央区和地町776,-,2026/05/14,1650,12.91,バス停 和地西停留所 停歩1分,422.52,所有権,60,-,-,-,-,-,-,-,-,一般,-,-,転載不可,更地渡し,とぴあ浜松農業協同組合不動産センター有玉店,053-476-3152,34.7621486,137.6487926
1004,売地,浜松市中央区和地町,-,2026/05/26,10,-,-,720.0,所有権,60,-,無指定,-,-,-,-,-,-,一般,-,-,要確認,現況渡し,(株)マストレ,053-448-5656,34.7634618,137.6528991
1005,売地,浜松市中央区和地町5059,-,2026/05/25,10,-,-,720.0,所有権,60,-,無指定,-,-,-,-,-,-,媒介,-,-,転載不可,相談,(株)グッド不動産売買,053-488-9440,34.7634618,137.6528991
1006,売地,浜松市浜名区油一色286-1,-,2026/03/23,200,0.79,徒歩19分,846.0,所有権,-,-,-,-,-,-,-,-,-,媒介,-,-,転載不可,現況渡し,(株)コットンハウス,053-488-5522,34.8037503,137.8075475
1007,売地,浜松市浜名区油一色220-1,-,2026/05/25,390,3.42,徒歩16分,378.0,所有権,60,-,無指定,-,-,-,-,-,-,媒介,-,-,転載不可,現況渡し,(有)弥生不動産,053-587-0030,34.803676,137.8068703
1008,売地,浜松市浜名区油一色303,-,2026/05/31,580,5.01,徒歩18分,383.0,所有権,60,-,無指定,-,-,-,-,-,-,媒介,-,-,転載不可,更地渡し,(有)弥生不動産,053-587-0030,34.8037503,137.8075475
1009,売地,浜松市浜名区油一色207-2,-,2026/04/15,900,7.56,徒歩18分,394.0,所有権,60,-,-,-,-,-,-,-,-,一般,-,-,転載可,現況渡し,(株)コットンハウス,053-488-5522,34.8037575,137.8087993
1010,売地,浜松市浜名区引佐町井伊谷3688番2,-,2026/06/01,580,0.1,徒歩21分,19732.0,所有権,60,-,-,-,-,-,-,-,-,媒介,-,-,転載可,現況渡し,湖北開発(株),053-542-0724,34.8330454,137.6745874
1011,売地,浜松市浜名区引佐町井伊谷212番1,-,2026/05/25,91,4.91,-,539.0,所有権,60,-,1種低層,-,-,-,-,-,-,一般,-,-,転載不可,現況渡し,松屋不動産販売(株),053-401-6610,34.8330454,137.6745874
1012,売地,浜松市浜名区引佐町井伊谷１１５１番２９,-,2026/04/23,1142,8,バス停 北神 停歩4分,472.0,所有権,50,-,1種低層,-,-,-,-,-,-,媒介,-,-,転載不可,現況渡し,とぴあ浜松農業協同組合不動産センター有玉店,053-476-3152,34.8340002,137.6646096
1013,売地,浜松市浜名区引佐町井伊谷,-,2026/05/07,0,10,-,389.66,所有権,60,-,1種住居,-,-,-,-,-,-,一般,-,-,転載不可,現況渡し,(株)マストレ東営業所,053-462-5656,34.8330454,137.6745874
1014,売地,浜松市浜名区引佐町井伊谷591-1,-,2026/04/16,1390,11.75,徒歩34分,391.34,所有権,60,-,1種低層,-,-,-,-,-,-,売主,-,-,転載可,建築条件付,湖北開発(株),053-542-0724,34.8330454,137.6745874
1015,売地,浜松市浜名区引佐町井伊谷,-,2026/05/07,3580,9.99,徒歩33分,1185.0,所有権,60,-,1種低層,-,-,-,-,-,-,専任,-,-,転載不可,現況渡し,浜松営業所,053-456-2103,34.8330454,137.6745874
1016,売地,浜松市浜名区引佐町奥山,-,2026/05/21,15,4.15,-,391.0,所有権,60,-,無指定,-,-,-,-,-,-,一般,-,-,要確認,現況渡し,(株)マストレ,053-448-5656,34.8407868,137.6159983
1017,売地,浜松市浜名区引佐町奥山1160-1,-,2026/06/01,500,3.68,バス停 奥山小学校前 停歩5分,449.97,所有権,60,-,無指定,-,-,-,-,-,-,一般,-,-,転載不可,相談,(株)アサヒコーディアルデベロップメント,053-430-0600,34.8474766,137.6270414
1018,売地,"浜松市浜名区引佐町奥山930-4,931-1,931-2",-,2026/04/02,600,1.44,-,1384.89,所有権,-,-,-,-,-,-,-,-,-,媒介,-,-,要確認,現況渡し,(株)アスティア,053-543-9988,34.8416125,137.6274512
1019,売地,浜松市浜名区引佐町奥山,-,2026/06/01,78,0.78,-,5128.0,所有権,-,-,無指定,-,-,-,-,-,-,専属専任,-,-,転載不可,相談,浜松店,053-401-0875,34.8407868,137.6159983
1020,売地,浜松市浜名区引佐町奥山1430番192他2筆,-,2026/04/30,0,7,-,766.82,所有権,60,-,無指定,-,-,-,-,-,-,媒介,-,-,要確認,現況渡し,ホームパートナー(株),053-525-0755,34.8509255,137.6224876
1021,売地,浜松市浜名区引佐町金指855-1,-,2026/06/03,980,7.73,バス停 谷津 停歩14分,419.54,所有権,40,-,1種低層,-,-,-,-,-,-,媒介,-,-,転載不可,相談,(株)寿建設,053-441-6536,34.8258371,137.6823972
1022,売地,浜松市浜名区引佐町金指1263,-,2026/06/01,48,4.48,徒歩歩66分,724.5,所有権,60,-,1種住居,-,-,-,-,-,-,専任,-,-,転載不可,更地渡し,浜松店,053-489-3900,34.8194024,137.677514
1023,売地,浜松市浜名区引佐町金指,-,2026/06/01,980,4.48,バス停 金指 停歩4分,724.5,所有権,60,-,1種住居,-,-,-,-,-,-,一般,-,-,転載不可,更地渡し,あららぎ不動産(株),053-464-5557,34.8194024,137.677514
1024,売地,浜松市浜名区引佐町金指889-1 他10筆,-,2026/05/23,6000,1.18,徒歩12分,16889.16,所有権,40,-,1種低層,-,-,-,-,-,-,媒介,-,-,転載可,現況渡し,(有)エムツー,053-525-9710,34.8194024,137.677514
1025,売地,浜松市浜名区引佐町西久留女木333-3,-,2026/04/23,690,0.75,-,3057.0,所有権,60,-,-,-,-,-,-,-,-,一般,-,-,転載不可,現況渡し,アイエス宅建,053-434-6810,34.91153980000001,137.6978626
1026,売地,浜松市浜名区引佐町花平1154-13,-,2026/05/01,66,2.66,-,373.8,所有権,60,-,1種住居,-,-,-,-,-,-,専属専任,-,-,要確認,現況渡し,(有)住まいる不動産,053-437-2490,34.8500612,137.6690743
1027,売地,浜松市浜名区引佐町花平１３８７,-,2026/05/28,950,6.55,バス停 とつか 停歩8分,479.56,所有権,60,-,-,-,-,-,-,-,-,媒介,-,-,転載不可,更地渡し,とぴあ浜松農業協同組合不動産センター有玉店,053-476-3152,34.8448345,137.6680431
1028,売地,浜松市浜名区内野2818-1，2819-1，2820-1,-,2026/03/13,125,0.8,徒歩14分,521.0,所有権,60,-,無指定,-,-,-,-,-,-,専任,-,-,転載不可,現況渡し,(有)大西屋,053-585-3401,34.7848289,137.7563588
1029,売地,浜松市浜名区内野394,-,2026/03/14,800,4.13,徒歩36分,640.88,所有権,60,-,無指定,-,-,-,-,-,-,媒介,-,-,転載不可,現況渡し,(有)弥生不動産,053-587-0030,34.7912499,137.7553763
1030,売地,浜松市浜名区内野973,-,2026/05/30,23,5.23,-,538.0,所有権,60,-,無指定,-,-,-,-,-,-,一般,-,-,転載不可,現況渡し,コリー(株),053-433-3808,34.7835865,137.752458
1031,売地,浜松市浜名区尾野858,-,2026/04/07,1440,10.75,徒歩20分,442.84,所有権,60,-,無指定,-,-,-,-,-,-,媒介,-,-,転載不可,更地渡し,(有)弥生不動産,053-587-0030,34.8268365,137.7858292
1032,売地,浜松市浜名区尾野２０９６－６、－７,-,2026/05/26,1800,16.13,徒歩15分,369.1,所有権,60,-,工業地域,-,-,-,-,-,-,専任,-,-,転載不可,現況渡し,浜北店,053-581-1124,34.8386926,137.7760883
1033,売地,浜松市浜名区尾野2096-6,-,2026/04/07,1800,16.13,徒歩15分,369.1,所有権,60,-,工業地域,-,-,-,-,-,-,媒介,-,-,転載不可,現況渡し,(有)弥生不動産,053-587-0030,34.8386926,137.7760883
1034,売地,浜松市浜名区尾野2643,-,2026/05/31,2500,12.07,徒歩13分,685.0,所有権,60,-,無指定,-,-,-,-,-,-,媒介,-,-,転載不可,更地渡し,(有)弥生不動産,053-587-0030,34.8352086,137.78028
1035,売地,浜松市浜名区尾野2536 他6筆,-,2026/04/20,5400,5.05,徒歩31分,3539.0,所有権,60,-,無指定,-,-,-,-,-,-,媒介,-,-,転載不可,現況渡し,(株)リンク,053-424-5000,34.8386926,137.7760883
1036,売地,浜松市浜名区於呂3536-1,-,2026/05/25,200,1.65,徒歩14分,401.2,所有権,60,-,無指定,-,-,-,-,-,-,媒介,-,-,転載不可,現況渡し,(有)弥生不動産,053-587-0030,34.8430503,137.8000607
1037,売地,浜松市浜名区於呂659-1,-,2026/04/07,450,1.62,徒歩9分,919.76,所有権,60,-,無指定,-,-,-,-,-,-,媒介,-,-,転載不可,現況渡し,(有)弥生不動産,053-587-0030,34.8275022,137.7951593
1038,売地,浜松市浜名区於呂2654-1(一部)、2656-7(一部),-,2026/05/12,555,4.07,徒歩9分,450.94,所有権,60,-,無指定,-,-,-,-,-,-,一般,-,-,転載不可,現況渡し,(株)飯田組,053-432-4060,34.8334478,137.7958252
1039,売地,浜松市浜名区於呂899-1,-,2026/03/14,630,4.3,徒歩10分,484.65,所有権,60,-,無指定,-,-,-,-,-,-,媒介,-,-,転載不可,更地渡し,(有)弥生不動産,053-587-0030,34.8334478,137.7958252
1040,売地,浜松市浜名区於呂,-,2026/05/17,1000,7.89,徒歩12分,419.0,所有権,60,-,無指定,-,-,-,-,-,-,一般,-,-,要確認,現況渡し,(株)マストレ,053-448-5656,34.8334478,137.7958252
1041,売地,浜松市浜名区於呂472-1,-,2026/03/14,1096,10.3,徒歩6分,351.79,所有権,60,-,無指定,-,-,-,-,-,-,媒介,-,-,転載不可,現況渡し,(有)弥生不動産,053-587-0030,34.8334478,137.7958252
1042,売地,浜松市浜名区於呂3282-6,-,2026/04/02,1400,12.44,-,372.19,所有権,60,-,-,-,-,-,-,-,-,媒介,-,-,転載不可,更地渡し,(株)アスティア,053-543-9988,34.8324004,137.8038446
1043,売地,浜松市浜名区於呂2952-1,-,2026/05/25,1800,15.72,徒歩9分,378.55,所有権,60,-,無指定,-,-,-,-,-,-,専任,-,-,転載不可,更地渡し,(株)マエフジ不動産,053-472-3341,34.8285126,137.7995448
1044,売地,浜松市浜名区於呂3761-15,-,2026/04/21,1800,12.88,徒歩11分,350.56,所有権,60,-,無指定,-,-,-,-,-,-,一般,-,-,転載不可,現況渡し,不動産ミック(株),0538-43-6339,34.8448888,137.8018639
1045,売地,浜松市浜名区於呂3976-6,-,2026/05/28,95,35.95,徒歩5分,668.43,所有権,60,-,無指定,-,-,-,-,-,-,媒介,-,-,転載不可,建築条件付,(株)リンク,053-424-5000,34.8481838,137.8047361
1046,売地,浜松市浜名区上島１９４９番２ 他３筆,-,2026/05/28,5800,13.36,徒歩6分,1436.09,所有権,60,-,工業専用,-,-,-,-,-,-,専任,-,-,転載不可,更地渡し,浜北店,053-581-1124,34.8435544,137.8179769
1047,売地,浜松市浜名区貴布祢,-,2026/05/31,2480,20.43,バス停 美薗中央公園入口 停歩7分,401.45,所有権,40,-,1種低層,-,-,-,-,-,-,一般,-,-,転載不可,更地渡し,浜北店,053-581-1124,34.7974171,137.7859558
1048,売地,浜松市浜名区貴布祢545-1,-,2026/05/09,2480,20.78,徒歩9分,394.72,所有権,40,-,1種低層,-,-,-,-,-,-,媒介,-,-,転載不可,更地渡し,(有)弥生不動産,053-587-0030,34.8013942,137.7902542
1049,売地,浜松市浜名区小林1635-2,-,2026/04/07,4131,8.01,徒歩12分,1707.0,所有権,60,-,無指定,-,-,-,-,-,-,媒介,-,-,転載不可,現況渡し,(有)弥生不動産,053-587-0030,34.8105067,137.7867262
1050,売地,浜松市浜名区小松195-6、195-7,-,2026/04/25,750,6.97,徒歩13分,356.0,所有権,60,-,-,-,-,-,-,-,-,一般,-,-,転載不可,現況渡し,第一伊藤建設(株),053-457-1181,34.7865753,137.7711552
1051,売地,浜松市浜名区小松3202-1,-,2026/05/28,2735,22,徒歩13分,411.0,所有権,60,-,無指定,-,-,-,-,-,-,一般,-,-,転載不可,現況渡し,あんず,053-545-6500,34.7865753,137.7711552
1052,売地,浜松市浜名区新原２１２３－１,-,2026/06/01,220,2.01,徒歩24分,363.0,所有権,60,-,無指定,-,-,-,-,-,-,一般,-,-,転載不可,現況渡し,浜北店,053-581-1124,34.8135109,137.7810219
1053,売地,浜松市浜名区新原4102-3，4102-4,-,2026/04/03,400,2.5,徒歩33分,531.0,所有権,60,-,-,-,-,-,-,-,-,一般,-,-,転載不可,相談,クリエイト・ジャパン浜松西(株),053-447-7941,34.8111841,137.7720891
1054,売地,浜松市浜名区新原2823,-,2026/04/07,500,3.55,徒歩20分,466.81,所有権,60,-,無指定,-,-,-,-,-,-,媒介,-,-,転載不可,更地渡し,(有)弥生不動産,053-587-0030,34.8135109,137.7810219
1055,売地,浜松市浜名区新原2826,-,2026/04/07,500,3.7,徒歩20分,447.0,所有権,60,-,無指定,-,-,-,-,-,-,媒介,-,-,転載不可,更地渡し,(有)弥生不動産,053-587-0030,34.8135109,137.7810219
1056,売地,"浜松市浜名区新原2279-1,2279-3",-,2026/04/12,555,3.01,-,611.0,所有権,-,-,無指定,-,-,-,-,-,-,一般,-,-,転載不可,現況渡し,(株)丸正長谷川不動産,053-461-3012,34.8135109,137.7810219
1057,売地,浜松市浜名区新原5397,-,2026/03/14,667,6.01,徒歩7分,367.0,所有権,60,-,無指定,-,-,-,-,-,-,媒介,-,-,転載不可,更地渡し,(有)弥生不動産,053-587-0030,34.8213427,137.7953593
1058,売地,浜松市浜名区新原5430,-,2026/05/09,683,5.01,徒歩7分,451.28,所有権,60,-,無指定,-,-,-,-,-,-,媒介,-,-,転載不可,更地渡し,(有)弥生不動産,053-587-0030,34.8135109,137.7810219
1059,売地,浜松市浜名区新原2031-1の一部 外1筆,-,2026/04/09,700,4.67,バス停 宮口有隣 停歩4分,495.87,所有権,60,-,無指定,-,-,-,-,-,-,専属専任,-,-,転載不可,現況渡し,アイエス宅建,053-434-6810,34.8190338,137.7769255
1060,売地,浜松市浜名区新原2584-1,-,2026/03/14,760,6.51,徒歩27分,386.33,所有権,60,-,無指定,-,-,-,-,-,-,媒介,-,-,転載不可,現況渡し,(有)弥生不動産,053-587-0030,34.8135109,137.7810219
1061,売地,浜松市浜名区新原5021,-,2026/04/28,824,7.01,徒歩10分,388.75,所有権,60,-,無指定,-,-,-,-,-,-,媒介,-,-,転載不可,現況渡し,(有)弥生不動産,053-587-0030,34.8135109,137.7810219
1062,売地,浜松市浜名区新原5661,-,2026/03/14,917,8.51,徒歩13分,356.46,所有権,60,-,無指定,-,-,-,-,-,-,媒介,-,-,転載不可,現況渡し,(有)弥生不動産,053-587-0030,34.8135109,137.7810219
1063,売地,浜松市浜名区新原,-,2026/05/25,1000,6.61,徒歩15分,500.85,所有権,60,-,無指定,-,-,-,-,-,-,専任,-,-,転載不可,更地渡し,(有)大西屋,053-585-3401,34.8135109,137.7810219
1064,売地,浜松市浜名区新原4077-2,-,2026/05/31,1019,7.01,徒歩20分,481.0,所有権,60,-,無指定,-,-,-,-,-,-,媒介,-,-,転載不可,更地渡し,(有)弥生不動産,053-587-0030,34.8135109,137.7810219
1065,売地,浜松市浜名区新原5987,-,2026/05/31,1020,10.07,徒歩18分,335.0,所有権,60,-,無指定,-,-,-,-,-,-,媒介,-,-,転載不可,現況渡し,(有)弥生不動産,053-587-0030,34.8135109,137.7810219
1066,売地,浜松市浜名区新原4097-3、4097-4,-,2026/04/03,1480,2,徒歩31分,2447.0,所有権,60,-,取引態様,-,-,-,-,-,-,一般,-,-,転載不可,相談,クリエイト・ジャパン浜松西(株),053-447-7941,34.8118161,137.7730682
1067,売地,浜松市浜名区新原6471、6472,-,2026/04/01,1780,15.75,徒歩10分,373.77,所有権,60,-,無指定,-,-,-,-,-,-,専任,-,-,要確認,現況渡し,(株)川嶋,053-437-3731,34.8135109,137.7810219
1068,売地,浜松市浜名区新原1550,-,2026/05/26,0,4,徒歩16分,1879.0,所有権,60,-,無指定,-,-,-,-,-,-,媒介,-,-,要確認,現況渡し,(株)ホクエイ,053-437-4416,34.8135109,137.7810219
1069,売地,浜松市浜名区新原2174,-,2026/03/14,2590,10.01,徒歩21分,856.0,所有権,60,-,無指定,-,-,-,-,-,-,媒介,-,-,転載不可,現況渡し,(有)弥生不動産,053-587-0030,34.8135109,137.7810219
1070,売地,浜松市浜名区新原3069-2,-,2026/05/25,2950,12.73,徒歩18分,766.32,所有権,60,-,無指定,-,-,-,-,-,-,一般,-,-,要確認,更地渡し,曳馬土地開発(株),053-463-2161,34.8068065,137.7826454
1071,売地,"浜松市浜名区新原5958,5959",-,2026/03/30,1,-,徒歩16分,631.13,所有権,60,-,無指定,-,-,-,-,-,-,一般,-,-,転載不可,現況渡し,アイエス宅建,053-434-6810,34.8135109,137.7810219
1072,売地,浜松市浜名区新原,-,2026/05/23,0,5,徒歩25分,3015.0,所有権,70,-,無指定,-,-,-,-,-,-,一般,-,-,転載不可,現況渡し,(株)不動産のおかもと,053-443-2000,34.8135109,137.7810219
1073,売地,浜松市浜名区新原３５８４他,-,2026/05/07,6200,5.04,バス停 ＪＡとぴあ浜北 停歩6分,4074.0,所有権,60,-,無指定,-,-,-,-,-,-,一般,-,-,転載不可,更地渡し,事業用不動産流通グループ,053-488-8811,34.8097996,137.7781661
1074,売地,浜松市浜名区新都田２丁目9-43,-,2026/06/01,35,-,-,540.45,所有権,60,-,1種中高,-,-,-,-,-,-,売主,-,-,転載不可,更地渡し,センチュリー21中央不動産浜松店,053-584-0021,34.8152574,137.735924
1075,売地,浜松市浜名区善地522-1,-,2026/05/29,150,1.16,徒歩26分,429.0,所有権,60,-,取引態様,-,-,-,-,-,-,専任,-,-,転載不可,現況渡し,(株)旭ビジョン,053-458-1355,34.7895689,137.8048656
1076,売地,浜松市浜名区善地,-,2026/06/01,248,1.99,徒歩26分,412.0,所有権,60,-,無指定,-,-,-,-,-,-,一般,-,-,転載不可,現況渡し,浜松店,053-401-0875,34.7892711,137.8069304
1077,売地,浜松市浜名区善地152-1,-,2026/04/07,638,4.51,徒歩28分,468.64,所有権,60,-,無指定,-,-,-,-,-,-,媒介,-,-,転載不可,現況渡し,(有)弥生不動産,053-587-0030,34.7917178,137.8053686
1078,売地,浜松市浜名区善地６３９，６４０,-,2026/05/18,765,6.5,バス停 善地郵便局 停歩1分,563.0,所有権,60,-,無指定,-,-,-,-,-,-,専任,-,-,転載不可,更地渡し,浜北店,053-581-1124,34.7892711,137.8069304
1079,売地,浜松市浜名区高畑459,-,2026/04/07,652,5.51,徒歩15分,391.65,所有権,60,-,無指定,-,-,-,-,-,-,媒介,-,-,転載不可,現況渡し,(有)弥生不動産,053-587-0030,34.7927638,137.7971107
1080,売地,浜松市浜名区高畑746-5,-,2026/03/14,739,7,徒歩14分,349.0,所有権,60,-,無指定,-,-,-,-,-,-,媒介,-,-,転載不可,現況渡し,(有)弥生不動産,053-587-0030,34.7927638,137.7971107
1081,売地,浜松市浜名区寺島1488,-,2026/03/14,450,4.01,徒歩28分,371.0,所有権,60,-,無指定,-,-,-,-,-,-,媒介,-,-,転載不可,現況渡し,(有)弥生不動産,053-587-0030,34.7788661,137.7958252
1082,売地,浜松市浜名区寺島,-,2026/05/26,50,7.5,-,371.03,所有権,60,-,無指定,-,-,-,-,-,-,一般,-,-,要確認,相談,(株)マストレ,053-448-5656,34.7788661,137.7958252
1083,売地,浜松市浜名区寺島2435-1,-,2026/05/25,1295,11.01,徒歩19分,389.0,所有権,60,-,無指定,-,-,-,-,-,-,媒介,-,-,転載不可,現況渡し,(有)弥生不動産,053-587-0030,34.7788661,137.7958252
1084,売地,浜松市浜名区寺島,-,2026/05/30,1,-,徒歩27分,2256.0,所有権,60,-,無指定,-,-,-,-,-,-,専任,-,-,転載不可,現況渡し,浜北店,053-581-1124,34.7788661,137.7958252
1085,売地,浜松市浜名区豊保319-1,-,2026/04/18,664,6.01,徒歩7分,365.76,所有権,60,-,無指定,-,-,-,-,-,-,媒介,-,-,転載不可,現況渡し,(有)弥生不動産,053-587-0030,34.8340688,137.80461
1086,売地,浜松市浜名区豊保224-21,-,2026/04/18,755,6.04,徒歩11分,413.82,所有権,60,-,無指定,-,-,-,-,-,-,媒介,-,-,転載不可,現況渡し,(有)弥生不動産,053-587-0030,34.8286128,137.8025235
1087,売地,浜松市浜名区豊保412-2,-,2026/04/18,920,7,徒歩12分,434.81,所有権,60,-,無指定,-,-,-,-,-,-,媒介,-,-,転載不可,更地渡し,(有)弥生不動産,053-587-0030,34.8388282,137.8064324
1088,売地,浜松市浜名区豊保181-1,-,2026/05/22,1380,12.79,バス停 四塔 停歩5分,356.96,所有権,60,-,無指定,-,-,-,-,-,-,一般,-,-,転載不可,現況渡し,アイエス宅建,053-434-6810,34.827453,137.8048297
1089,売地,浜松市浜名区豊保１８１－１、１８１－４９,-,2026/05/20,1380,12.79,徒歩12分,356.96,所有権,60,-,無指定,-,-,-,-,-,-,一般,-,-,転載不可,現況渡し,浜北店,053-581-1124,34.8274254,137.8053966
1090,売地,"浜松市浜名区豊保239-1,239-22",-,2026/03/18,1480,13.51,徒歩10分,362.3,所有権,60,-,無指定,-,-,-,-,-,-,専任,-,-,転載不可,現況渡し,(株)不動産の三愛,053-462-3615,34.8283554,137.8040755
1091,売地,浜松市浜名区豊保181-1,-,2026/05/22,1499,13.89,バス停 四塔 停歩5分,356.96,所有権,60,-,無指定,-,-,-,-,-,-,一般,-,-,転載不可,更地渡し,アイエス宅建,053-434-6810,34.827453,137.8048297
1092,売地,浜松市浜名区中条101他,-,2026/06/02,650,5.29,徒歩13分,406.64,所有権,60,-,無指定,-,-,-,-,-,-,媒介,-,-,要確認,更地渡し,(株)丸玉,053-421-7360,34.783335,137.7822553
1093,売地,浜松市浜名区中条24の一部,-,2026/03/23,800,6.95,徒歩11分,380.58,所有権,60,-,無指定,-,-,-,-,-,-,専任,-,-,転載不可,現況渡し,(有)大西屋,053-585-3401,34.783335,137.7822553
1094,売地,浜松市浜名区中条310-1,-,2026/03/14,830,6.17,徒歩8分,445.0,所有権,60,-,無指定,-,-,-,-,-,-,媒介,-,-,転載不可,現況渡し,(有)弥生不動産,053-587-0030,34.783335,137.7822553
1095,売地,浜松市浜名区中瀬157,-,2026/05/28,400,3.56,徒歩17分,372.0,所有権,60,-,-,-,-,-,-,-,-,媒介,-,-,転載不可,現況渡し,とぴあ浜松農業協同組合不動産センター有玉店,053-476-3152,34.8144401,137.8043048
1096,売地,浜松市浜名区中瀬155-1,-,2026/04/30,400,3.56,徒歩17分,372.0,所有権,60,-,-,-,-,-,-,-,-,媒介,-,-,転載不可,現況渡し,とぴあ浜松農業協同組合不動産センター有玉店,053-476-3152,34.8229556,137.8182545
1097,売地,浜松市浜名区中瀬3547-3,-,2026/05/18,430,3,徒歩20分,475.0,所有権,60,-,無指定,-,-,-,-,-,-,一般,-,-,要確認,現況渡し,富士ヶ丘サービス(株),0538-31-3308,34.8244462,137.8144907
1098,売地,浜松市浜名区中瀬2254-4,-,2026/04/07,750,5.01,徒歩13分,495.0,所有権,60,-,無指定,-,-,-,-,-,-,媒介,-,-,転載不可,現況渡し,(有)弥生不動産,053-587-0030,34.8293413,137.8071118
1099,売地,"浜松市浜名区中瀬194-1,188-2,195-1",-,2026/04/19,0,7,徒歩歩3300分,373.53,所有権,60,-,-,-,-,-,-,-,-,媒介,-,-,転載不可,相談,(有)伊藤会計不動産部,053-422-9181,34.8229556,137.8182545
1100,売地,浜松市浜名区中瀬2667-3,-,2026/05/16,850,6.65,徒歩19分,423.0,所有権,60,-,無指定,-,-,-,-,-,-,媒介,-,-,転載不可,現況渡し,(株)橘不動産,053-401-3303,34.8385973,137.8110639
1101,売地,浜松市浜名区中瀬,-,2026/05/19,45,7.45,-,422.0,所有権,60,-,無指定,-,-,-,-,-,-,一般,-,-,要確認,現況渡し,高林支店,053-472-5656,34.8229556,137.8182545
1102,売地,浜松市浜名区中瀬３５７０－１,-,2026/05/29,1050,2.74,徒歩23分,1271.0,所有権,60,-,無指定,-,-,-,-,-,-,専任,-,-,転載不可,現況渡し,浜北店,053-581-1124,34.8219297,137.8144149
1103,売地,浜松市浜名区中瀬9280,-,2026/05/09,1566,15.01,徒歩28分,345.09,所有権,60,-,無指定,-,-,-,-,-,-,媒介,-,-,転載不可,更地渡し,(有)弥生不動産,053-587-0030,34.8267291,137.8187647
1104,売地,浜松市浜名区根堅2492-8,-,2026/05/25,198,1.31,徒歩19分,500.0,所有権,60,-,無指定,-,-,-,-,-,-,媒介,-,-,転載不可,更地渡し,(有)弥生不動産,053-587-0030,34.8470776,137.7973678
1105,売地,浜松市浜名区根堅２４９２－８,-,2026/05/15,198,1.25,徒歩18分,525.0,所有権,60,-,無指定,-,-,-,-,-,-,一般,-,-,転載不可,現況渡し,浜北店,053-581-1124,34.8470776,137.7973678
1106,売地,浜松市浜名区根堅2181-1,-,2026/05/29,486,3.5,徒歩16分,459.78,所有権,60,-,-,-,-,-,-,-,-,専任,-,-,転載不可,現況渡し,(株)旭ビジョン,053-458-1355,34.8443268,137.7954512
1107,売地,浜松市浜名区根堅323,-,2026/05/25,500,4.8,徒歩11分,345.0,所有権,60,-,無指定,-,-,-,-,-,-,媒介,-,-,転載不可,現況渡し,(有)弥生不動産,053-587-0030,34.8430964,137.793661
1108,売地,浜松市浜名区根堅324,-,2026/03/14,500,3.63,徒歩11分,456.0,所有権,60,-,無指定,-,-,-,-,-,-,媒介,-,-,転載不可,現況渡し,(有)弥生不動産,053-587-0030,34.8430964,137.793661
1109,売地,浜松市浜名区根堅2327-1,-,2026/05/25,600,4.55,徒歩22分,436.78,所有権,60,-,無指定,-,-,-,-,-,-,一般,-,-,転載不可,現況渡し,(有)弥生不動産,053-587-0030,34.8430964,137.793661
1110,売地,浜松市浜名区根堅1988-45,-,2026/04/07,614,6.01,徒歩17分,338.0,所有権,60,-,無指定,-,-,-,-,-,-,媒介,-,-,転載不可,現況渡し,(有)弥生不動産,053-587-0030,34.8432755,137.7974959
1111,売地,浜松市浜名区根堅2181-1,-,2026/04/18,626,4.51,徒歩21分,459.78,所有権,60,-,無指定,-,-,-,-,-,-,媒介,-,-,転載不可,更地渡し,(有)弥生不動産,053-587-0030,34.8443268,137.7954512
1112,売地,浜松市浜名区根堅2348番1の一部、2351番,-,2026/04/30,800,5.49,徒歩14分,516.62,所有権,60,-,-,-,-,-,-,-,-,媒介,-,-,転載不可,現況渡し,とぴあ浜松農業協同組合不動産センター有玉店,053-476-3152,34.8415247,137.790282
1113,売地,浜松市浜名区根堅2289-1,-,2026/03/14,980,5.67,徒歩8分,572.0,所有権,60,-,無指定,-,-,-,-,-,-,媒介,-,-,転載不可,更地渡し,(有)弥生不動産,053-587-0030,34.8426683,137.7911793
1114,売地,浜松市浜名区東美薗19-1,-,2026/03/14,480,4.57,徒歩25分,347.8,所有権,60,-,無指定,-,-,-,-,-,-,媒介,-,-,転載不可,現況渡し,(有)弥生不動産,053-587-0030,34.7973218,137.8044624
1115,売地,浜松市浜名区東美薗1020-1,-,2026/04/02,500,4.42,徒歩17分,374.0,所有権,60,-,無指定,-,-,-,-,-,-,媒介,-,-,要確認,現況渡し,(株)アスティア,053-543-9988,34.7973218,137.8044624
1116,売地,浜松市浜名区東美薗23-1,-,2026/04/18,698,5.01,徒歩24分,461.4,所有権,60,-,無指定,-,-,-,-,-,-,媒介,-,-,転載不可,現況渡し,(有)弥生不動産,053-587-0030,34.7877129,137.8017858
1117,売地,浜松市浜名区東美薗1151-1,-,2026/04/07,723,6.01,徒歩15分,398.0,所有権,60,-,無指定,-,-,-,-,-,-,媒介,-,-,転載不可,現況渡し,(有)弥生不動産,053-587-0030,34.7973218,137.8044624
1118,売地,浜松市浜名区東美薗1016-1,-,2026/03/14,759,6.01,徒歩17分,418.0,所有権,60,-,無指定,-,-,-,-,-,-,媒介,-,-,転載不可,現況渡し,(有)弥生不動産,053-587-0030,34.7973218,137.8044624
1119,売地,浜松市浜名区東美薗1512-2,-,2026/05/25,1385,7.1,徒歩14分,645.0,所有権,60,-,無指定,-,-,-,-,-,-,媒介,-,-,転載不可,現況渡し,(有)弥生不動産,053-587-0030,34.7973218,137.8044624
1120,売地,浜松市浜名区東美薗1574,-,2026/04/07,2374,8.51,徒歩12分,923.0,所有権,60,-,無指定,-,-,-,-,-,-,媒介,-,-,転載不可,現況渡し,(有)弥生不動産,053-587-0030,34.7973218,137.8044624
1121,売地,浜松市浜名区東美薗1487-1,-,2026/04/07,7629,6.01,徒歩17分,4203.0,所有権,60,-,無指定,-,-,-,-,-,-,媒介,-,-,転載不可,現況渡し,(有)弥生不動産,053-587-0030,34.7973218,137.8044624
1122,売地,浜松市浜名区平口951-7,-,2026/03/14,630,5.86,徒歩31分,356.0,所有権,60,-,無指定,-,-,-,-,-,-,媒介,-,-,転載不可,現況渡し,(有)弥生不動産,053-587-0030,34.8064994,137.7717493
1123,売地,浜松市浜名区平口1241,-,2026/03/10,720,6,徒歩30分,397.0,所有権,60,-,-,-,-,-,-,-,-,媒介,-,-,要確認,現況渡し,テクノ不動産(有),053-484-1107,34.7995205,137.7630898
1124,売地,浜松市浜名区平口,-,2026/05/26,3283,5.71,-,1901.0,所有権,60,-,-,-,-,-,-,-,-,専任,-,-,転載不可,更地渡し,(有)大西屋,053-585-3401,34.7995205,137.7630898
1125,売地,浜松市浜名区細江町気賀1318他,-,2026/06/02,450,3,徒歩11分,497.2,所有権,60,-,1種中高,-,-,-,-,-,-,媒介,-,-,要確認,現況渡し,(株)アスティア,053-543-9988,34.8086566,137.6552513
1126,売地,浜松市浜名区細江町気賀,-,2026/05/19,28,4.28,-,449.0,所有権,60,-,1種住居,-,-,-,-,-,-,一般,-,-,要確認,現況渡し,高林支店,053-472-5656,34.8086566,137.6552513
1127,売地,浜松市浜名区細江町気賀,-,2026/03/20,900,3.71,バス停 落合橋 停歩17分,802.47,所有権,60,-,1種低層,-,-,-,-,-,-,専任,-,-,転載不可,相談,あららぎ不動産(株),053-464-5557,34.8086566,137.6552513
1128,売地,浜松市浜名区細江町気賀１８４－５,-,2026/05/08,930,4.16,徒歩6分,740.45,所有権,60,-,2種住居,-,-,-,-,-,-,専任,-,-,転載不可,更地渡し,高台店,053-437-1976,34.807376,137.6559561
1129,売地,浜松市浜名区細江町気賀56-1,-,2026/05/29,1370,10.07,徒歩10分,450.19,所有権,80,-,近隣商業,-,-,-,-,-,-,専任,-,-,転載不可,更地渡し,センチュリー21中央不動産浜松店,053-584-0021,34.8101803,137.6556627
1130,売地,浜松市浜名区細江町気賀703番1,-,2026/04/30,0,15,徒歩5分,371.08,所有権,60,-,近隣商業,-,-,-,-,-,-,媒介,-,-,要確認,更地渡し,ホームパートナー(株),053-525-0755,34.8092155,137.6531911
1131,売地,浜松市浜名区細江町気賀1702番,-,2026/04/30,1694,10.01,徒歩23分,560.0,所有権,60,-,工業地域,-,-,-,-,-,-,一般,-,-,要確認,相談,ホームパートナー(株),053-525-0755,34.79686969999999,137.6482232
1132,売地,浜松市浜名区細江町気賀127-11他3筆,-,2026/05/30,1980,6.79,徒歩8分,964.29,所有権,80,-,近隣商業,-,-,-,-,-,-,一般,-,-,転載不可,更地渡し,センチュリー21中央不動産浜松店,053-584-0021,34.8075593,137.6563022
1133,売地,浜松市浜名区細江町気賀１１９５番４,-,2026/05/28,2391,5,徒歩20分,1581.0,所有権,60,-,1種低層,-,-,-,-,-,-,媒介,-,-,転載不可,現況渡し,とぴあ浜松農業協同組合不動産センター有玉店,053-476-3152,34.7990834,137.6554567
1134,売地,浜松市浜名区細江町気賀,-,2026/04/03,2490,3.39,バス停 気賀青果 停歩1分,2435.0,所有権,60,-,1種中高,-,-,-,-,-,-,専任,-,-,転載不可,相談,あららぎ不動産(株),053-464-5557,34.8086566,137.6552513
1135,売地,浜松市浜名区細江町気賀10814-5,-,2026/04/09,3500,12.39,バス停 向山停 停歩1分,934.5,所有権,60,-,無指定,-,-,-,-,-,-,専属専任,-,-,転載不可,現況渡し,アイエス宅建,053-434-6810,34.7954605,137.6198612
1136,売地,浜松市浜名区細江町中川3216-1 外3筆,-,2026/03/30,0,2,バス停 宿名 停歩1分,1346.0,所有権,60,-,無指定,-,-,-,-,-,-,専任,-,-,転載不可,現況渡し,アイエス宅建,053-434-6810,34.8070673,137.691109
1137,売地,浜松市浜名区細江町中川,-,2026/03/26,870,5.83,バス停 祝田南 停歩9分,420.0,所有権,50,-,1種低層,-,-,-,-,-,-,専任,-,-,転載不可,現況渡し,あららぎ不動産(株),053-464-5557,34.8070673,137.691109
1138,売地,浜松市浜名区細江町中川5412-1,-,2026/04/30,1180,10.42,バス停 新屋停 停歩3分,374.59,所有権,60,-,1種低層,-,-,-,-,-,-,専属専任,-,-,転載不可,更地渡し,アイエス宅建,053-434-6810,34.8028429,137.6605423
1139,売地,浜松市浜名区細江町中川4604-1,-,2026/04/16,1400,10.07,徒歩2分,460.0,所有権,60,-,1種住居,-,-,-,-,-,-,媒介,-,-,転載可,現況渡し,湖北開発(株),053-542-0724,34.8133144,137.666546
1140,売地,浜松市浜名区細江町中川888-128,-,2026/05/31,1480,9.88,徒歩30分,495.36,所有権,50,-,1種低層,-,-,-,-,-,-,媒介,-,-,転載不可,更地渡し,(有)弥生不動産,053-587-0030,34.8047559,137.6948321
1141,売地,浜松市浜名区細江町中川875-1,-,2026/04/22,1900,2.33,徒歩25分,2704.2,所有権,60,-,2種住居,-,-,-,-,-,-,一般,-,-,転載可,現況渡し,(株)Paddle,053-482-7733,34.8070673,137.691109
1142,売地,浜松市浜名区細江町中川6918,-,2026/05/18,40,1.4,-,4736.94,所有権,60,-,2種中高,-,-,-,-,-,-,一般,-,-,転載不可,現況渡し,SMD不動産(株),053-401-4235,34.8070673,137.691109
1143,売地,浜松市浜名区細江町中川825-1,-,2026/04/19,3970,0.59,徒歩32分,2727.0,所有権,50,-,1種低層,-,-,-,-,-,-,媒介,-,-,転載不可,現況渡し,(有)伊藤会計不動産部,053-422-9181,34.8057775,137.6986391
1144,売地,浜松市浜名区細江町三和,-,2026/05/21,1400,8.64,徒歩7分,535.94,所有権,70,-,1種中高,-,-,-,-,-,-,一般,-,-,要確認,現況渡し,(株)マストレ,053-448-5656,34.8190633,137.6873631
1145,売地,浜松市浜名区細江町三和493-1,-,2026/03/14,1700,5.31,徒歩9分,1436.0,所有権,60,-,1種中高,-,-,-,-,-,-,専任,-,-,転載不可,更地渡し,(株)不動産Labo.,0538-33-6118,34.8190633,137.6873631
1146,売地,浜松市浜名区本沢合632-1,-,2026/03/14,626,6.21,徒歩13分,333.53,所有権,60,-,無指定,-,-,-,-,-,-,媒介,-,-,転載不可,現況渡し,(有)弥生不動産,053-587-0030,34.8111454,137.7995267
1147,売地,浜松市浜名区三ヶ日町宇志683番1,-,2026/04/30,50,6.5,徒歩13分,861.66,所有権,60,-,無指定,-,-,-,-,-,-,一般,-,-,要確認,現況渡し,ホームパートナー(株),053-525-0755,34.807338,137.5643808
1148,売地,浜松市浜名区三ヶ日町下尾奈801-1,-,2026/04/30,0,9,徒歩4分,338.64,所有権,60,-,無指定,-,-,-,-,-,-,一般,-,-,要確認,現況渡し,ホームパートナー(株),053-525-0755,34.7856015,137.5411036
1149,売地,浜松市浜名区三ヶ日町都筑2174番4、2175番1,-,2026/04/20,600,3.47,徒歩歩55分,64.6,所有権,60,-,1種住居,-,-,-,-,-,-,媒介,-,-,転載不可,-,リファインエステート(株),053-589-3201,34.793465,137.5773784
1150,売地,浜松市浜名区三ヶ日町都筑,-,2026/05/15,750,7.36,徒歩13分,337.18,所有権,60,-,1種中高,-,-,-,-,-,-,媒介,-,-,要確認,更地渡し,(株)アスティア,053-543-9988,34.7919941,137.5828758
1151,売地,浜松市浜名区三ヶ日町都筑334-1、334-2,-,2026/04/11,840,3,徒歩12分,927.0,所有権,60,-,1種中高,-,-,-,-,-,-,専任,-,-,転載不可,更地渡し,(株)不動産Labo.,0538-33-6118,34.7919941,137.5828758
1152,売地,"浜松市浜名区三ヶ日町都筑804-1,805-1",-,2026/04/30,1200,10.56,徒歩2分,375.81,所有権,60,-,1種住居,-,-,-,-,-,-,媒介,-,-,要確認,現況渡し,ホームパートナー(株),053-525-0755,34.7898434,137.5867084
1153,売地,浜松市浜名区三ヶ日町都筑,-,2026/05/24,1,-,徒歩9分,556.1,所有権,60,-,無指定,-,-,-,-,-,-,一般,-,-,要確認,現況渡し,(株)マストレ,053-448-5656,34.7919941,137.5828758
1154,売地,浜松市浜名区三ヶ日町都筑,-,2026/05/24,0,20,徒歩9分,556.12,所有権,60,-,無指定,-,-,-,-,-,-,一般,-,-,要確認,現況渡し,(株)マストレ,053-448-5656,34.7919941,137.5828758
1155,売地,浜松市浜名区三ヶ日町都筑736,-,2026/05/23,3854,8.38,徒歩8分,1521.23,所有権,60,-,1種住居,-,-,-,-,-,-,専任,-,-,要確認,相談,(有)西遠ハウジング,053-545-3567,34.789673,137.582316
1156,売地,浜松市浜名区三ヶ日町都筑,-,2026/05/08,6000,19.64,徒歩9分,1010.21,所有権,60,-,-,-,-,-,-,-,-,一般,-,-,要確認,現況渡し,(株)マストレ,053-448-5656,34.7919941,137.5828758
1157,売地,浜松市浜名区三ヶ日町都筑859,-,2026/04/24,6000,19.64,徒歩9分,1010.21,所有権,-,-,-,-,-,-,-,-,-,一般,-,-,転載不可,相談,(株)ティーエイト不動産,054-256-2016,34.7854549,137.5882594
1158,売地,浜松市浜名区三ヶ日町都筑1313-657,-,2026/06/01,12700,7,徒歩8分,5999.0,所有権,-,-,取引態様,-,-,-,-,-,-,専任,-,-,要確認,現況渡し,本店,06-6227-1002,34.7923134,137.5894476
1159,売地,浜松市浜名区三ヶ日町鵺代51-8,-,2026/04/30,9823,6.3,徒歩6分,5154.46,所有権,60,-,1種住居,-,-,-,-,-,-,媒介,-,-,要確認,現況渡し,ホームパートナー(株),053-525-0755,34.8013039,137.5394557
1160,売地,浜松市浜名区三ヶ日町三ヶ日470番1他3筆,-,2026/04/30,800,2.59,徒歩8分,1022.76,所有権,60,-,2種中高,-,-,-,-,-,-,媒介,-,-,要確認,現況渡し,ホームパートナー(株),053-525-0755,34.8072193,137.5508703
1161,売地,浜松市浜名区三ヶ日町三ヶ日916-73,-,2026/04/30,1,-,徒歩5分,622.91,所有権,60,-,1種住居,-,-,-,-,-,-,一般,-,-,要確認,相談,ホームパートナー(株),053-525-0755,34.8030356,137.5490284
1162,売地,浜松市浜名区三ヶ日町三ヶ日,-,2026/05/22,50,8.5,徒歩8分,965.0,所有権,60,-,1種住居,-,-,-,-,-,-,一般,-,-,要確認,更地渡し,(株)マストレ,053-448-5656,34.8072193,137.5508703
1163,売地,浜松市浜名区三ヶ日町三ヶ日,-,2026/05/18,4057,11.01,徒歩13分,1219.0,所有権,60,-,1種住居,-,-,-,-,-,-,専属専任,-,-,転載不可,相談,(有)ホームズ,053-455-2223,34.8072193,137.5508703
1164,売地,浜松市浜名区宮口2825-5,-,2026/05/29,303,3,徒歩9分,334.0,所有権,60,-,-,-,-,-,-,-,-,一般,-,-,転載不可,現況渡し,(株)旭ビジョン,053-458-1355,34.8272044,137.7711966
1165,売地,浜松市浜名区宮口1231-1,-,2026/05/25,400,3.02,徒歩12分,439.0,所有権,60,-,無指定,-,-,-,-,-,-,媒介,-,-,転載不可,更地渡し,(有)弥生不動産,053-587-0030,34.8249557,137.7739589
1166,売地,浜松市浜名区宮口3517,-,2026/05/25,414,4.01,徒歩21分,342.04,所有権,60,-,無指定,-,-,-,-,-,-,媒介,-,-,転載不可,現況渡し,(有)弥生不動産,053-587-0030,34.8272044,137.7711966
1167,売地,浜松市浜名区宮口3385-1,-,2026/04/07,707,6.51,徒歩9分,359.33,所有権,60,-,無指定,-,-,-,-,-,-,媒介,-,-,転載不可,現況渡し,(有)弥生不動産,053-587-0030,34.8272044,137.7711966
1168,売地,浜松市浜名区宮口1367,-,2026/04/18,733,7.01,徒歩13分,346.0,所有権,60,-,無指定,-,-,-,-,-,-,媒介,-,-,転載不可,現況渡し,(有)弥生不動産,053-587-0030,34.8272044,137.7711966
1169,売地,浜松市浜名区宮口,-,2026/03/27,1380,9.95,徒歩12分,458.79,所有権,60,-,無指定,-,-,-,-,-,-,売主,-,-,転載不可,現況渡し,あららぎ不動産(株),053-464-5557,34.8272044,137.7711966
1170,売地,浜松市浜名区宮口,-,2026/05/30,1500,9.24,徒歩23分,536.93,所有権,60,-,無指定,-,-,-,-,-,-,一般,-,-,要確認,現況渡し,(株)マストレ,053-448-5656,34.8272044,137.7711966
1171,売地,浜松市浜名区都田町6406-6,-,2026/04/28,805,7,徒歩5分,380.3,所有権,60,-,無指定,-,-,-,-,-,-,専任,-,-,転載不可,相談,(有)ほんま不動産,053-461-3345,34.8267251,137.716186
1172,売地,浜松市浜名区都田町８０５８－１,-,2026/05/17,1400,2.05,バス停 白昭 停歩4分,2264.0,所有権,60,-,無指定,-,-,-,-,-,-,一般,-,-,転載不可,現況渡し,高台店,053-437-1976,34.8077449,137.7298373
1173,売地,浜松市浜名区都田町,-,2026/05/24,1,-,-,991.0,所有権,60,-,無指定,-,-,-,-,-,-,一般,-,-,転載不可,相談,(有)ホームズ,053-455-2223,34.8115164,137.7314432
1174,売地,浜松市浜名区都田町８０５８－１,-,2026/03/06,20,2.31,-,2264.0,所有権,60,-,無指定,-,-,-,-,-,-,媒介,-,-,転載可,現況渡し,(株)グレービック・リアルエステイト,053-473-5071,34.8077449,137.7298373
1175,売地,浜松市浜名区都田町,-,2026/06/01,2820,20.08,バス停 沢上口 停歩24分,464.44,所有権,60,-,無指定,-,-,-,-,-,-,一般,-,-,転載不可,現況渡し,あららぎ不動産(株),053-464-5557,34.8115164,137.7314432
1176,売地,浜松市浜名区都田町8099外2筆,-,2026/04/30,5448,5,バス停 前原南 停歩4分,3602.0,所有権,60,-,無指定,-,-,-,-,-,-,専任,-,-,転載不可,現況渡し,アイエス宅建,053-434-6810,34.8115164,137.7314432
1177,売地,浜松市浜名区都田町,-,2026/05/28,51,8.51,-,2660.0,所有権,60,-,無指定,-,-,-,-,-,-,一般,-,-,要確認,現況渡し,(株)マストレ,053-448-5656,34.8115164,137.7314432
1178,売地,浜松市浜名区都田町字前原７９３０番７外,-,2026/05/25,6840,8.51,バス停 本田サッカー場 停歩1分,2660.0,所有権,60,-,無指定,-,-,-,-,-,-,一般,-,-,転載不可,現況渡し,高台店,053-437-1976,34.8095031,137.7314888
1179,売地,浜松市浜名区都田町7930-7,-,2026/05/21,6840,8.51,バス停 本田サッカー場 停歩1分,2660.0,所有権,60,-,-,-,-,-,-,-,-,一般,-,-,要確認,相談,(株)クレイドル,053-424-9966,34.8094894,137.7213443
1180,売地,浜松市天竜区大谷374-1,-,2026/05/18,0,10,-,333.24,所有権,60,-,2種中高,-,-,-,-,-,-,専任,-,-,転載不可,現況渡し,(株)大隅土地建物,053-443-8443,34.875399,137.815308
1181,売地,浜松市天竜区春野町川上35番13、35番15の一部,-,2026/03/31,300,2.89,-,343.47,所有権,-,-,-,-,-,-,-,-,-,媒介,-,-,転載不可,現況渡し,コイケ総建(株),053-422-3003,35.0451833,138.0109374
1182,売地,浜松市天竜区春野町気田865-1,-,2026/05/19,110,0.92,-,396.67,所有権,-,-,-,-,-,-,-,-,-,一般,-,-,転載不可,相談,(株)アスモ不動産,053-423-2731,35.0063267,137.9092297
1183,売地,浜松市天竜区春野町長蔵寺1037番地1,-,2026/03/22,4,-,-,1076.25,所有権,-,-,無指定,-,-,-,-,-,-,専任,-,-,転載可,相談,トダホームサービス(株),0537-23-6700,34.9867981,137.9267674
1184,売地,浜松市天竜区春野町堀之内６５６－４他,-,2026/05/13,500,0.44,バス停 福祉センター・図書館前 停歩14分,3762.0,所有権,-,-,取引態様,-,-,-,-,-,-,専属専任,-,-,転載可,現況渡し,三立木材(株),053-926-1800,34.9736894,137.8945863
1185,売地,浜松市天竜区春野町宮川874-1・875-1,-,2026/05/29,233,1.2,-,643.0,所有権,-,-,-,-,-,-,-,-,-,一般,-,-,要確認,現況渡し,水嶋宅建(株),053-433-7660,34.9924575,137.8929836
1186,売地,浜松市天竜区春野町宮川ー,-,2026/04/09,400,0.56,バス停 久保田 停歩9分,2383.48,所有権,-,-,-,-,-,-,-,-,-,媒介,-,-,転載不可,相談,アイエス宅建,053-434-6810,34.9881876,137.8872038
1187,売地,浜松市天竜区二俣町鹿島１４５番１,-,2026/06/01,2480,23.71,バス停 清竜中学 停歩3分,345.9,所有権,60,-,2種中高,-,-,-,-,-,-,専任,-,-,転載不可,現況渡し,浜松店,053-471-0202,34.84826450000001,137.8074808
1188,売地,浜松市天竜区二俣町二俣2396番244,-,2026/03/21,50,9.84,徒歩12分,374.0,所有権,60,-,2種中高,-,-,-,-,-,-,一般,-,-,転載可,現況渡し,(株)光成不動産,053-582-8892,34.8567262,137.8209326
1189,売地,浜松市天竜区二俣町二俣2191-12,-,2026/04/24,1000,8.84,徒歩8分,374.06,所有権,60,-,1種住居,-,-,-,-,-,-,専任,-,-,転載不可,更地渡し,浜松店,053-489-3900,34.8600091,137.8076971
1190,売地,浜松市天竜区船明916番3、918番4,-,2026/05/13,50,3.5,バス停 浜松市自主運行バス 島町 停歩9分,394.15,所有権,60,-,1種中高,-,-,-,-,-,-,一般,-,-,転載可,現況渡し,三立木材(株),053-926-1800,34.8852036,137.8209451
1191,売地,浜松市天竜区船明３０５２－１１,-,2026/05/18,0,5,-,354.53,所有権,60,-,1種中高,-,-,-,-,-,-,専任,-,-,転載不可,現況渡し,(株)大隅土地建物,053-443-8443,34.8894051,137.8205067
1192,売地,浜松市天竜区船明3049-2,-,2026/05/13,15,5.15,バス停 浜松市自主運行バス 島町 停歩6分,354.0,所有権,60,-,1種中高,-,-,-,-,-,-,一般,-,-,転載可,現況渡し,三立木材(株),053-926-1800,34.8894051,137.8205067
1193,売地,浜松市天竜区船明3082-1,-,2026/05/25,740,5.44,バス停 遠鉄バス停「山東バス停」 停歩24分,450.4,所有権,50,-,1種低層,-,-,-,-,-,-,媒介,-,-,転載不可,現況渡し,(有)弥生不動産,053-587-0030,34.8894051,137.8205067
1194,売地,浜松市天竜区船明3059-25他,-,2026/05/13,0,6,-,414.72,所有権,50,-,1種低層,-,-,-,-,-,-,専任,-,-,転載不可,現況渡し,三立木材(株),053-926-1800,34.8894051,137.8205067
1195,売地,浜松市天竜区船明3047-13他,-,2026/05/13,0,6,-,430.11,所有権,60,-,1種中高,-,-,-,-,-,-,専任,-,-,転載不可,現況渡し,三立木材(株),053-926-1800,34.8894051,137.8205067
1196,売地,浜松市天竜区船明３０５４－４、５,-,2026/05/25,0,7,バス停 上臈塚 停歩2分,506.93,所有権,60,-,1種中高,-,-,-,-,-,-,専任,-,-,転載不可,現況渡し,浜北店,053-581-1124,34.8894051,137.8205067
1197,売地,浜松市天竜区船明３０３２－１０、３０３２－１１,-,2026/05/18,77,7,-,460.98,所有権,50,-,1種低層,-,-,-,-,-,-,専任,-,-,転載不可,現況渡し,(株)大隅土地建物,053-443-8443,34.8894051,137.8205067
1198,売地,浜松市天竜区船明,-,2026/05/25,90,3.9,-,890.27,所有権,50,-,1種低層,-,-,-,-,-,-,専任,-,-,要確認,現況渡し,(株)マストレ,053-448-5656,34.8894051,137.8205067
1199,売地,"浜松市天竜区船明3028-6,3028-2",-,2026/05/18,0,6,-,597.54,所有権,50,-,1種低層,-,-,-,-,-,-,専任,-,-,転載不可,現況渡し,(株)大隅土地建物,053-443-8443,34.8894051,137.8205067
1200,売地,"浜松市天竜区船明3052-5,3052-6",-,2026/05/18,0,7,-,559.62,所有権,60,-,1種中高,-,-,-,-,-,-,専任,-,-,転載不可,現況渡し,(株)大隅土地建物,053-443-8443,34.8894051,137.8205067
1201,売地,浜松市天竜区船明,-,2026/05/21,52,4.52,-,879.29,所有権,50,-,1種低層,-,-,-,-,-,-,専任,-,-,要確認,現況渡し,(株)マストレ,053-448-5656,34.8894051,137.8205067
1202,売地,浜松市天竜区船明3063-5他,-,2026/05/13,0,6,-,690.37,所有権,60,-,2種中高,-,-,-,-,-,-,専任,-,-,転載不可,現況渡し,三立木材(株),053-926-1800,34.8894051,137.8205067
1203,売地,浜松市天竜区船明,-,2026/05/30,0,4,-,1597.14,所有権,50,-,1種低層,-,-,-,-,-,-,専任,-,-,要確認,現況渡し,(株)マストレ,053-448-5656,34.8894051,137.8205067
1204,売地,浜松市天竜区船明３０８２－２、３,-,2026/05/24,0,5,バス停 上臈塚 停歩2分,1436.35,所有権,50,-,1種低層,-,-,-,-,-,-,専任,-,-,転載不可,現況渡し,浜北店,053-581-1124,34.8894051,137.8205067
1205,売地,浜松市天竜区米沢,-,2026/05/31,389,2.71,徒歩58分,475.89,所有権,60,-,無指定,-,-,-,-,-,-,一般,-,-,要確認,現況渡し,(株)マストレ,053-448-5656,34.8991869,137.8007606
1206,売地,浜松市天竜区米沢47,-,2026/05/25,700,1.81,バス停 米沢上 停歩1分,1284.27,所有権,-,-,取引態様,-,-,-,-,-,-,媒介,-,-,要確認,現況渡し,曳馬土地開発(株),053-463-2161,34.8897583,137.7964485
1207,売地,浜松市天竜区山東2114-35,-,2026/05/13,600,5.6,徒歩37分,354.5,所有権,-,-,無指定,-,-,-,-,-,-,売主,-,-,転載可,現況渡し,三立木材(株),053-926-1800,34.8757951,137.8295775
1208,売地,浜松市天竜区山東３３５４－２,-,2026/06/03,1,-,バス停 山王橋 停歩6分,385.0,所有権,50,-,1種低層,-,-,-,-,-,-,一般,-,-,要確認,現況渡し,(有)東海重機,053-926-3818,34.8713029,137.8268367
1209,売地,浜松市天竜区山東3613-1,-,2026/06/01,800,5.03,徒歩23分,526.7,所有権,50,-,1種低層,-,-,-,-,-,-,一般,-,-,転載不可,現況渡し,ICOI不動産事業部,0539-62-9200,34.8853852,137.8377905
1210,売地,浜松市天竜区山東2511-2,-,2026/05/12,13,-,-,371.38,所有権,60,-,1種中高,-,-,-,-,-,-,専任,-,-,要確認,現況渡し,(株)大隅土地建物,053-443-8443,34.8853852,137.8377905
1211,売地,浜松市天竜区山東2173-3,-,2026/04/07,0,8,-,331.0,所有権,60,-,1種中高,-,-,-,-,-,-,一般,-,-,転載不可,現況渡し,(株)大隅土地建物,053-443-8443,34.8853852,137.8377905
1212,売地,浜松市天竜区山東３６７５－１,-,2026/06/03,888,6,バス停 山王橋 停歩7分,490.0,所有権,50,-,1種低層,-,-,-,-,-,-,媒介,-,-,要確認,現況渡し,(有)東海重機,053-926-3818,34.8702488,137.8237416
1213,売地,浜松市天竜区山東3353番1,-,2026/05/17,990,5.47,徒歩29分,599.0,所有権,50,-,1種低層,-,-,-,-,-,-,一般,-,-,転載不可,現況渡し,浜松駅南店,053-453-3731,34.8719207,137.8269402
1214,売地,浜松市天竜区山東,-,2026/05/18,39,0.39,-,9951.0,所有権,60,-,1種中高,-,-,-,-,-,-,専任,-,-,転載不可,現況渡し,(株)大隅土地建物,053-443-8443,34.8853852,137.8377905
1215,売地,浜松市天竜区山東3211番1,-,2026/06/01,0,5,徒歩歩3322分,799.0,所有権,50,-,1種低層,-,-,-,-,-,-,媒介,-,-,転載不可,現況渡し,ICOI不動産事業部,0539-62-9200,34.8853852,137.8377905
1216,売地,浜松市天竜区山東,-,2026/05/28,2000,11.5,東海道本線 浜松 徒歩99分,575.27,所有権,60,-,1種中高,-,-,-,-,-,-,一般,-,-,転載不可,現況渡し,浜松損害保険サービス(株),053-459-4180,34.8853852,137.8377905
1217,売地,"浜松市天竜区山東2511-1,2511-2",-,2026/05/18,50,12.5,-,611.4,所有権,60,-,1種中高,-,-,-,-,-,-,専属専任,-,-,転載不可,現況渡し,(株)大隅土地建物,053-443-8443,34.8853852,137.8377905
1218,売地,浜松市天竜区山東,-,2026/03/30,47,3.47,-,2592.41,所有権,60,-,1種中高,-,-,-,-,-,-,専任,-,-,転載不可,現況渡し,(株)大隅土地建物,053-443-8443,34.8853852,137.8377905
1219,売地,浜松市天竜区緑恵台790-11、790-12、790-14、801-7,-,2026/05/08,440,3.5,徒歩4 9分,416.14,所有権,50,-,-,-,-,-,-,-,-,一般,-,-,要確認,現況渡し,不動産事業部,053-488-5882,34.8654917,137.7976759
1220,売地,浜松市天竜区渡ケ島1634,-,2026/05/01,175,0.51,バス停 リバーサイドタウン優美台 停歩4分,1155.0,所有権,60,-,無指定,-,-,-,-,-,-,専任,-,-,要確認,現況渡し,ゼロ(株),053-482-8777,34.8586278,137.7908903
1221,売地,浜松市天竜区渡ケ島1641、1642,-,2026/04/21,615,4.34,バス停 リバーサイドタワン優美台 停歩4分,469.38,所有権,60,-,無指定,-,-,-,-,-,-,専任,-,-,要確認,現況渡し,ゼロ(株),053-482-8777,34.8586278,137.7908903
1222,売地,浜松市天竜区渡ケ島,-,2026/05/26,2190,5.48,徒歩78分,1321.14,所有権,-,-,無指定,-,-,-,-,-,-,専任,-,-,転載不可,現況渡し,Smife浜松東店,053-423-4690,34.8586278,137.7908903
1223,売地,湖西市太田,-,2026/05/14,1859,13,徒歩8分,472.79,所有権,60,-,無指定,-,-,-,-,-,-,専任,-,-,要確認,相談,(株)かなめ創建,053-543-6666,34.7485239,137.4907295
1224,売地,湖西市太田1276番23他9筆,-,2026/04/17,2800,1.06,徒歩37分,8756.05,所有権,50,-,取引態様,-,-,-,-,-,-,媒介,-,-,転載不可,現況渡し,とぴあ浜松農業協同組合不動産センター湖西店,053-576-6401,34.7476035,137.4867137
1225,売地,湖西市太田391-6,-,2026/03/12,13500,7.99,徒歩12分,5587.99,所有権,60,-,-,-,-,-,-,-,-,媒介,-,-,転載不可,現況渡し,(有)ハウスネット,0532-39-5962,34.7481705,137.5135138
1226,売地,湖西市大知波１３１８－５４０,-,2026/05/27,100,0.86,徒歩27分,386.0,所有権,50,-,無指定,-,-,-,-,-,-,一般,-,-,転載不可,現況渡し,湖西店,053-574-2881,34.7562546,137.4946831
1227,売地,湖西市大知波１３１８-５９９,-,2026/05/07,196,1.3,徒歩32分,500.0,所有権,60,-,無指定,-,-,-,-,-,-,売主,-,-,転載不可,現況渡し,estate(株),053-454-0711,34.7562546,137.4946831
1228,売地,湖西市大知波,-,2026/05/14,200,0.67,-,992.0,所有権,50,-,無指定,-,-,-,-,-,-,一般,-,-,転載不可,現況渡し,Smife浜松西支店,053-449-7111,34.7654565,137.4931828
1229,売地,湖西市大知波333-166,-,2026/06/02,250,2.5,徒歩29分,331.0,所有権,50,-,無指定,-,-,-,-,-,-,専任,-,-,転載不可,現況渡し,(株)AGプラス,0532-55-1110,34.7571501,137.4971873
1230,売地,"湖西市岡崎821番4,821番14,821番15他2筆",-,2026/04/01,2100,10.05,徒歩13分,690.85,所有権,60,-,無指定,-,-,-,-,-,-,一般,-,-,転載不可,更地渡し,(株)えんコーポレーション,053-472-2391,34.7224561,137.4947047
1231,売地,湖西市吉美3052番4 他4筆,-,2026/06/03,550,5.47,東海道本線 鷲津 徒歩22分,333.0,所有権,60,-,無指定,-,-,-,-,-,-,一般,-,-,転載可,現況渡し,サチ不動産,053-576-3540,34.717,137.5304946
1232,売地,湖西市吉美3012番1,-,2026/05/08,2000,6.62,東海道本線 鷲津 徒歩24分,1000.0,所有権,60,-,-,-,-,-,-,-,-,媒介,-,-,要確認,相談,不動産部,053-576-2202,34.7163623,137.5285864
1233,売地,"湖西市吉美3713,3714",-,2026/06/03,2202,20,東海道本線 鷲津 徒歩24分,363.98,所有権,50,-,1種低層,-,-,-,-,-,-,一般,-,-,転載不可,現況渡し,サチ不動産,053-576-3540,34.7155293,137.5211382
1234,売地,湖西市古見424-1,-,2026/05/22,110,5.35,東海道本線 鷲津 徒歩21分,680.0,所有権,50,-,無指定,-,-,-,-,-,-,媒介,-,-,要確認,相談,レークサイド開発,053-576-4077,34.7184581,137.5316217
1235,売地,湖西市古見1090、1091の一部、1088-4の一部,-,2026/04/24,2750,9.99,東海道本線 鷲津 徒歩21分,910.21,所有権,50,-,1種低層,-,-,-,-,-,-,一般,-,-,転載可,現況渡し,(株)Paddle,053-482-7733,34.7123905,137.5361355
1236,売地,湖西市古見773-1,-,2026/03/12,0,15,東海道本線 鷲津 徒歩21分,1089.0,所有権,60,-,-,-,-,-,-,-,-,媒介,-,-,転載不可,現況渡し,(有)ハウスネット,0532-39-5962,34.6797723,137.5453314
1237,売地,湖西市境宿82-1,-,2026/05/08,1000,5.72,バス停 境宿公会堂 停歩1分,578.51,所有権,50,-,-,-,-,-,-,-,-,媒介,-,-,転載不可,現況渡し,とぴあ浜松農業協同組合不動産センター湖西店,053-576-6401,34.694384,137.4967948
1238,売地,"湖西市白須賀4704-3,4704-4,4705",-,2026/05/27,450,2.6,-,574.04,所有権,50,-,無指定,-,-,-,-,-,-,媒介,-,-,要確認,現況渡し,助信不動産(株),053-472-1779,34.6883172,137.5056459
1239,売地,湖西市白須賀,-,2026/03/23,0,3,バス停 ＪＡ白須賀支店 停歩6分,505.78,所有権,50,-,-,-,-,-,-,-,-,媒介,-,-,転載不可,相談,とぴあ浜松農業協同組合不動産センター湖西店,053-576-6401,34.6889586,137.5003763
1240,売地,湖西市白須賀,-,2026/05/21,480,3.27,-,486.68,所有権,60,-,無指定,-,-,-,-,-,-,一般,-,-,転載不可,更地渡し,Smife浜松西支店,053-449-7111,34.6889586,137.5003763
1241,売地,湖西市白須賀682-3・684-2・685,-,2026/04/27,564,5,東海道本線 新居町 徒歩6 5分,372.95,所有権,50,-,無指定,-,-,-,-,-,-,専任,-,-,転載不可,更地渡し,(有)ほんま不動産,053-461-3345,34.6798738,137.5166173
1242,売地,湖西市白須賀3767-1,-,2026/03/22,0,7,バス停 ＪＡ白須賀支店 停歩2分,355.35,所有権,50,-,-,-,-,-,-,-,-,媒介,-,-,転載不可,更地渡し,とぴあ浜松農業協同組合不動産センター湖西店,053-576-6401,34.6878883,137.5010296
1243,売地,湖西市白須賀3038番1内（南側）,-,2026/05/10,800,8,バス停 ＪＡ白須賀支店 停歩10分,330.58,所有権,50,-,-,-,-,-,-,-,-,媒介,-,-,転載不可,現況渡し,とぴあ浜松農業協同組合不動産センター湖西店,053-576-6401,34.6860942,137.4957117
1244,売地,湖西市白須賀,-,2026/03/24,800,4.36,バス停 白須賀西町公会堂 停歩2分,607.49,所有権,-,-,-,-,-,-,-,-,-,専任,-,-,転載不可,現況渡し,(有)エステート東海,053-433-5401,34.6889586,137.5003763
1245,売地,湖西市白須賀5443-1,-,2026/04/17,1130,7,東海道本線 新居町 徒歩6 5分,533.66,所有権,50,-,無指定,-,-,-,-,-,-,専任,-,-,転載不可,更地渡し,(有)ほんま不動産,053-461-3345,34.6803239,137.5166803
1246,売地,湖西市白須賀1467-1 外5筆,-,2026/04/30,1248,2.63,バス停 白須賀 停歩1分,1570.0,所有権,60,-,-,-,-,-,-,-,-,専任,-,-,転載不可,現況渡し,アイエス宅建,053-434-6810,34.6889586,137.5003763
1247,売地,湖西市白須賀4043-11,-,2026/04/28,1800,8.86,バス停 白須賀西町公会堂 停歩5分,671.68,所有権,50,-,2種低層,-,-,-,-,-,-,専属専任,-,-,要確認,相談,レークサイド開発,053-576-4077,34.6937542,137.500305
1248,売地,湖西市新所2597番1,-,2026/06/03,65,0.49,東海道本線 鷲津 徒歩57分,445.0,所有権,-,-,-,-,-,-,-,-,-,一般,-,-,転載可,現況渡し,サチ不動産,053-576-3540,34.7333589,137.5300324
1249,売地,湖西市新所4229-1,-,2026/06/03,110,0.25,東海道本線 鷲津 徒歩4 4分,1464.0,所有権,-,-,無指定,-,-,-,-,-,-,一般,-,-,転載不可,現況渡し,サチ不動産,053-576-3540,34.7333589,137.5300324
1250,売地,湖西市新所1598番、1669番5,-,2026/03/22,51,2.51,徒歩32分,431.24,所有権,50,-,-,-,-,-,-,-,-,媒介,-,-,転載不可,現況渡し,とぴあ浜松農業協同組合不動産センター湖西店,053-576-6401,34.7469045,137.5320209
1251,売地,湖西市新所2851-1、2855,-,2026/05/08,1300,6.74,徒歩35分,638.17,所有権,50,-,-,-,-,-,-,-,-,媒介,-,-,転載不可,更地渡し,不動産部,053-576-2202,34.7333589,137.5300324
1252,売地,"湖西市新所1278-1,-2,-3,1274-5,-6",-,2026/05/08,4000,4.37,徒歩32分,3025.96,所有権,60,-,無指定,-,-,-,-,-,-,一般,-,-,転載不可,現況渡し,不動産部,053-576-2202,34.7333589,137.5300324
1253,売地,湖西市新所・岡崎・梅田入会地17番5内（南側）,-,2026/05/08,1500,4.96,東海道本線 新所原 徒歩31分,1000.0,所有権,-,-,-,-,-,-,-,-,-,媒介,-,-,転載不可,現況渡し,とぴあ浜松農業協同組合不動産センター湖西店,053-576-6401,34.7217006,137.5036498
1254,売地,湖西市新所・岡崎・梅田入会地14-16,-,2026/04/08,1900,12.2,東海道本線 新所原 徒歩15分,515.15,所有権,60,-,無指定,-,-,-,-,-,-,媒介,-,-,要確認,更地渡し,(株)Paddle,053-482-7733,34.7220812,137.4933377
1255,売地,湖西市鷲津2498－4,-,2026/03/10,1980,12.62,東海道本線 鷲津 徒歩12分,519.0,所有権,60,-,2種低層,-,-,-,-,-,-,専任,-,-,転載不可,現況渡し,(有)宮田不動産,0532-52-7711,34.7216418,137.5523635
1256,売地,湖西市鷲津1989番1他,-,2026/05/08,2000,5.75,東海道本線 鷲津 徒歩5分,1149.94,所有権,60,-,1種住居,-,-,-,-,-,-,媒介,-,-,転載不可,更地渡し,とぴあ浜松農業協同組合不動産センター湖西店,053-576-6401,34.7160417,137.5494365
1257,売地,湖西市鷲津2335番2他,-,2026/03/19,0,23,東海道本線 鷲津 徒歩15分,343.74,所有権,60,-,1種住居,-,-,-,-,-,-,媒介,-,-,転載不可,現況渡し,とぴあ浜松農業協同組合不動産センター湖西店,053-576-6401,34.7128196,137.5537142
1258,売地,湖西市駅南１丁目1080-91、1080-95,-,2026/05/17,2280,19.63,東海道本線 新所原 徒歩12分,384.0,所有権,50,-,1種低層,-,-,-,-,-,-,専属専任,-,-,転載不可,更地渡し,SHINOBI不動産(株),0532-47-8106,34.7204656,137.4901161
1259,売地,湖西市新居町新居2644番2,-,2026/05/24,227,2,東海道本線 新居町 徒歩22分,376.0,所有権,-,-,-,-,-,-,-,-,-,媒介,-,-,転載不可,現況渡し,とぴあ浜松農業協同組合不動産センター湖西店,053-576-6401,34.6892491,137.573973
1260,売地,湖西市新居町新居483番4、483番5,-,2026/05/07,299,2.5,東海道本線 新居町 徒歩11分,395.88,所有権,60,-,1種中高,-,-,-,-,-,-,媒介,-,-,転載不可,現況渡し,とぴあ浜松農業協同組合不動産センター湖西店,053-576-6401,34.6890942,137.5720563
1261,売地,湖西市新居町新居3380番454 他2筆,-,2026/04/08,598,4.4,東海道本線 新居町 徒歩7分,450.02,所有権,60,-,1種住居,-,-,-,-,-,-,専任,-,-,要確認,現況渡し,(株)かなめ創建,053-543-6666,34.6913866,137.5726837
1262,売地,湖西市新居町新居２２６３,-,2026/05/22,1500,3.95,東海道本線 新居町 徒歩21分,1256.0,所有権,60,-,1種中高,-,-,-,-,-,-,専任,-,-,転載不可,現況渡し,企画営業部,053-476-7112,34.6830347,137.567591
1263,売地,湖西市新居町新居29番,-,2026/06/02,2100,6.87,東海道本線 新居町 徒歩12分,1011.0,所有権,60,-,2種中高,-,-,-,-,-,-,一般,-,-,転載可,相談,サチ不動産,053-576-3540,34.6892491,137.573973
1264,売地,湖西市新居町中之郷1942番1940番1943番2、1944番3,-,2026/06/03,500,2.96,-,559.09,所有権,50,-,-,-,-,-,-,-,-,一般,-,-,転載可,現況渡し,サチ不動産,053-576-3540,34.7001616,137.5511197
1265,売地,湖西市新居町中之郷523番1、523番2、524番、540番,-,2026/06/03,500,0.41,東海道本線 新居町 徒歩32分,4127.0,所有権,60,-,-,-,-,-,-,-,-,一般,-,-,転載可,現況渡し,サチ不動産,053-576-3540,34.7041296,137.5619241
1266,売地,湖西市新居町中之郷３６２０－１,-,2026/05/26,1440,13.91,東海道本線 新居町 徒歩16分,342.3,所有権,60,-,1種中高,-,-,-,-,-,-,専任,-,-,転載不可,現況渡し,湖西店,053-574-2881,34.6987438,137.5617993
1267,売地,"湖西市新居町中之郷227-7,227-9,227-8,227-10,227-6",-,2026/05/08,7580,7.12,東海道本線 新居町 徒歩20分,3521.06,所有権,60,-,1種中高,-,-,-,-,-,-,売主,-,-,要確認,現況渡し,不動産部,053-576-2202,34.7011056,137.5618685
1268,売地,湖西市新居町浜名761番,-,2026/05/07,1200,11.33,東海道本線 新居町 徒歩20分,350.41,所有権,60,-,2種住居,-,-,-,-,-,-,専任,-,-,要確認,現況渡し,坂口不動産事務所,053-437-3154,34.6898937,137.5624355
1269,売地,磐田市新島1071,-,2026/04/25,1350,9.97,バス停 千手堂（浜松バス） 停歩12分,447.83,所有権,50,-,-,-,-,-,-,-,-,媒介,-,-,転載不可,更地渡し,(株)豊和不動産,0538-35-2121,34.6930736,137.8337858
1270,売地,磐田市大原978-2,-,2026/06/02,880,5.27,東海道本線 磐田 徒歩29分,552.08,所有権,50,-,無指定,-,-,-,-,-,-,一般,-,-,転載不可,現況渡し,(株)アランアール,053-488-5590,34.7006327,137.8703143
1271,売地,磐田市大原,-,2026/04/20,900,7.97,-,373.73,所有権,50,-,-,-,-,-,-,-,-,専任,-,-,転載不可,更地渡し,(株)日成,0538-23-2850,34.6943552,137.8649622
1272,売地,磐田市大原808,-,2026/05/26,15000,7.89,東海道本線 磐田 徒歩23分,6290.0,所有権,60,-,無指定,-,-,-,-,-,-,専任,-,-,転載不可,更地渡し,(株)エイチ・アイ・プランニング,054-266-3178,34.7011585,137.8642847
1273,売地,磐田市城之崎３丁目1番2,-,2026/06/03,3735,25,東海道本線 磐田 徒歩28分,494.0,所有権,60,-,1種低層,-,-,-,-,-,-,専任,-,-,転載不可,現況渡し,(株)木内不動産,0538-33-9030,34.7192149,137.8665064
1274,売地,磐田市国府台397-1,-,2026/04/07,3980,26.43,東海道本線 磐田 徒歩30分,497.83,所有権,60,-,2種中高,-,-,-,-,-,-,一般,-,-,要確認,現況渡し,(株)Paddle,053-482-7733,34.7253873,137.8406132
1275,売地,磐田市小島212-1,-,2026/05/21,1280,7.57,バス停 小島北 停歩14分,559.49,所有権,50,-,無指定,-,-,-,-,-,-,専任,-,-,転載不可,現況渡し,Ulu・コンサルティング(株),053-523-8188,34.6857293,137.8337902
1276,売地,磐田市匂坂上645-1,-,2026/05/12,58,1.58,バス停 火ノ見停 停歩9分,1701.87,所有権,60,-,無指定,-,-,-,-,-,-,媒介,-,-,転載不可,現況渡し,(株)飯田組,053-432-4060,34.7707013,137.8263874
1277,売地,磐田市匂坂中1044,-,2026/05/21,1500,4.81,-,1031.0,所有権,50,-,無指定,-,-,-,-,-,-,専任,-,-,転載不可,現況渡し,ミナミ不動産,0538-86-5613,34.76168140000001,137.8303825
1278,売地,磐田市匂坂中808－1、808－2,-,2026/04/27,2905,12,バス停 匂坂中村 停歩1分,800.36,所有権,50,-,無指定,-,-,-,-,-,-,媒介,-,-,転載不可,現況渡し,(株)アセットクローバー,053-476-6001,34.76168140000001,137.8303825
1279,売地,磐田市下大之郷328-3,-,2026/05/11,700,5.24,バス停 上大之郷下 停歩5分,441.69,所有権,50,-,-,-,-,-,-,-,-,媒介,-,-,転載不可,現況渡し,(有)遠州拓地,0538-32-2440,34.6864523,137.8552567
1280,売地,磐田市寺谷２５１－２他,-,2026/05/06,1107,5.07,バス停 寺谷上バス停 停歩2分,722.0,所有権,50,-,-,-,-,-,-,-,-,専任,-,-,転載不可,現況渡し,とよおか不動産,0539-62-5628,34.7798884,137.8303825
1281,売地,磐田市中泉,-,2026/05/07,2500,17.05,東海道本線 磐田 徒歩9分,484.73,所有権,80,-,近隣商業,-,-,-,-,-,-,一般,-,-,転載不可,更地渡し,浜松営業所,053-456-2103,34.7108583,137.8501395
1282,売地,磐田市中泉2396,-,2026/04/28,2500,17.05,東海道本線 磐田 徒歩9分,484.73,所有権,80,-,近隣商業,-,-,-,-,-,-,媒介,-,-,転載不可,更地渡し,(株)豊和不動産,0538-35-2121,34.7130125,137.846637
1283,売地,磐田市中泉坂上町２３９６,-,2026/06/01,2500,17.05,東海道本線 磐田 徒歩9分,484.73,所有権,80,-,近隣商業,-,-,-,-,-,-,一般,-,-,転載不可,更地渡し,磐田店,0538-31-7070,34.7149716,137.8471908
1284,売地,磐田市長須賀１４０－１,-,2026/05/18,800,7.6,東海道本線 豊田町 徒歩25分,348.19,所有権,60,-,取引態様,-,-,-,-,-,-,専任,-,-,要確認,相談,アルファ,053-584-5388,34.7179085,137.8515047
1285,売地,磐田市西島389-1,-,2026/05/16,2000,6.11,東海道本線 御厨 徒歩32分,1082.89,所有権,50,-,無指定,-,-,-,-,-,-,一般,-,-,転載不可,更地渡し,(株)橘不動産,053-401-3303,34.739878,137.8951155
1286,売地,磐田市二之宮491-1,-,2026/05/23,30,7.3,-,901.9,所有権,60,-,無指定,-,-,-,-,-,-,専任,-,-,転載不可,更地渡し,浜松駅南店,053-453-3731,34.7063593,137.8585788
1287,売地,磐田市一言,-,2026/05/11,980,6.76,バス停 磐田西高 停歩12分,479.63,所有権,60,-,2種中高,-,-,-,-,-,-,一般,-,-,転載不可,現況渡し,あららぎ不動産(株),053-464-5557,34.7273512,137.835321
1288,売地,磐田市一言2896-1,-,2026/03/27,74,6.74,バス停 停歩7分,480.98,所有権,60,-,1種住居,-,-,-,-,-,-,一般,-,-,転載不可,現況渡し,アースデイ不動産,053-441-2103,34.7221677,137.8395416
1289,売地,磐田市一言,-,2026/03/27,1400,13.56,東海道本線 磐田 徒歩26分,341.45,所有権,60,-,2種中高,-,-,-,-,-,-,媒介,-,-,転載不可,更地渡し,(株)不動産Labo.,0538-33-6118,34.7273512,137.835321
1290,売地,磐田市一言,-,2026/05/25,3500,22.32,東海道本線 磐田 徒歩35分,518.41,所有権,60,-,無指定,-,-,-,-,-,-,一般,-,-,転載不可,現況渡し,浜松損害保険サービス(株),053-459-4180,34.7273512,137.835321
1291,売地,磐田市藤上原846-2,-,2026/04/27,0,11.16,-,349.8,所有権,50,-,無指定,-,-,-,-,-,-,専任,-,-,転載不可,更地渡し,(株)ill企画,053-544-6868,34.7979469,137.855797
1292,売地,磐田市藤上原361-1,-,2026/05/01,1200,0.32,バス停 遠鉄バス 二階家停 停歩34分,12411.0,所有権,-,-,無指定,-,-,-,-,-,-,専属専任,-,-,転載不可,現況渡し,(有)祥行開発,053-596-1811,34.7898412,137.8509743
1293,売地,磐田市藤上原30-3,-,2026/05/29,2140,9.98,-,708.99,所有権,60,-,無指定,-,-,-,-,-,-,専任,-,-,要確認,更地渡し,(株)ニットーホーム,053-443-2100,34.7875771,137.8445147
1294,売地,磐田市三ケ野1229-2,-,2026/05/21,6,0.23,東海道本線 御厨 徒歩33分,989.47,所有権,60,-,無指定,-,-,-,-,-,-,一般,-,-,要確認,更地渡し,富士ヶ丘サービス(株),0538-31-3308,34.7369185,137.8850121
1295,売地,磐田市三ケ野547,-,2026/05/08,550,2.8,東海道本線 御厨 徒歩33分,651.0,所有権,30,-,無指定,-,-,-,-,-,-,一般,-,-,要確認,更地渡し,富士ヶ丘サービス(株),0538-31-3308,34.7350503,137.8884397
1296,売地,磐田市見付3876-11,-,2026/03/13,1480,10.48,東海道本線 磐田 徒歩4 0分,467.0,所有権,50,-,1種低層,-,-,-,-,-,-,売主,-,-,要確認,現況渡し,(株)不動産Labo.,0538-33-6118,34.7327871,137.8519727
1297,売地,磐田市見付4771-18,-,2026/05/08,2210,16.05,-,455.38,所有権,40,-,1種低層,-,-,-,-,-,-,一般,-,-,転載不可,現況渡し,こみき不動産,053-421-5521,34.7373671,137.8527469
1298,売地,磐田市向笠竹之内,-,2026/04/28,910,3.03,バス停 向笠 停歩5分,995.0,所有権,-,-,-,-,-,-,-,-,-,専任,-,-,転載不可,現況渡し,カワイ不動産(有),053-464-8873,34.7623189,137.8748462
1299,売地,磐田市五十子１００,-,2026/05/09,750,2.85,バス停 中島東（静岡県） 停歩14分,872.0,所有権,50,-,無指定,-,-,-,-,-,-,専任,-,-,転載不可,更地渡し,磐田店,0538-31-7070,34.690811,137.8762464
1300,売地,磐田市池田746-2,-,2026/05/28,1252,12,-,345.0,所有権,60,-,2種中高,-,-,-,-,-,-,媒介,-,-,転載不可,現況渡し,あんず,053-545-6500,34.73627250000001,137.814492
1301,売地,"磐田市池田967-1,945-1",-,2026/05/26,49,11.49,-,483.61,所有権,60,-,2種中高,-,-,-,-,-,-,専任,-,-,転載不可,更地渡し,浜松駅南店,053-453-3731,34.7329914,137.8160045
1302,売地,磐田市海老島,-,2026/05/22,690,6.14,-,372.0,所有権,30,-,無指定,-,-,-,-,-,-,一般,-,-,転載不可,更地渡し,(株)アーガス,0537-21-7777,34.6769984,137.8266788
1303,売地,磐田市海老島,-,2026/05/07,908,8,-,375.21,所有権,60,-,無指定,-,-,-,-,-,-,専任,-,-,転載不可,更地渡し,Smife浜松東店,053-423-4690,34.6769984,137.8266788
1304,売地,磐田市岡1009-1,-,2026/03/14,1100,8.24,バス停 遠鉄バス「駒場バス停」 停歩3分,441.49,所有権,60,-,無指定,-,-,-,-,-,-,媒介,-,-,転載不可,更地渡し,(有)弥生不動産,053-587-0030,34.6721446,137.8147865
1305,売地,磐田市掛塚,-,2026/05/18,880,6.34,東海道本線 豊田町 徒歩8 8分,459.03,所有権,60,-,無指定,-,-,-,-,-,-,一般,-,-,転載不可,更地渡し,浜松損害保険サービス(株),053-459-4180,34.6650536,137.7958252
1306,売地,磐田市上神増,-,2026/05/19,1070,10.23,-,346.0,所有権,50,-,無指定,-,-,-,-,-,-,専任,-,-,転載不可,相談,(株)アーガス,0537-21-7777,34.8225815,137.8451996
1307,売地,磐田市上神増２１１１－１,-,2026/03/25,1700,9.66,-,581.85,所有権,60,-,無指定,-,-,-,-,-,-,媒介,-,-,要確認,現況渡し,アート地建(株),053-528-7605,34.825765,137.8444992
1308,売地,磐田市上神増,-,2026/05/19,2170,10.36,-,692.71,所有権,50,-,無指定,-,-,-,-,-,-,専任,-,-,転載不可,相談,(株)アーガス,0537-21-7777,34.8225815,137.8451996
1309,売地,磐田市上野部579番1、579番2、2695番1,-,2026/06/01,850,7.37,徒歩2分,381.75,所有権,50,-,無指定,-,-,-,-,-,-,媒介,-,-,転載不可,更地渡し,ICOI不動産事業部,0539-62-9200,34.8490056,137.8377905
1310,売地,磐田市上野部1494-71、505-11,-,2026/04/16,5800,6.18,徒歩16分,3103.71,所有権,60,-,無指定,-,-,-,-,-,-,専属専任,-,-,転載不可,現況渡し,(株)トコー不動産,0538-55-2840,34.8415592,137.8321718
1311,売地,磐田市上万能450-1,-,2026/03/29,1700,7.93,東海道本線 豊田町 徒歩24分,708.77,所有権,50,-,無指定,-,-,-,-,-,-,売主,-,-,転載可,建築条件付,(株)フォーラムプランニング,0538-32-7741,34.7252828,137.8260328
1312,売地,磐田市加茂773-3,-,2026/05/11,12,-,-,370.16,所有権,50,-,無指定,-,-,-,-,-,-,専任,-,-,転載不可,更地渡し,(株)ill企画,053-544-6868,34.7318707,137.828753
1313,売地,磐田市川袋328-1,-,2026/05/12,1,-,-,633.94,所有権,-,-,無指定,-,-,-,-,-,-,専任,-,-,転載不可,更地渡し,(株)丸久不動産,053-543-9000,34.6837811,137.7996606
1314,売地,磐田市敷地字矢口下254番1,-,2026/05/27,300,1.59,徒歩6分,623.96,所有権,-,-,-,-,-,-,-,-,-,売主,-,-,転載不可,更地渡し,天竜不動産,053-926-2511,34.8264155,137.8649622
1315,売地,磐田市下野部383-1,-,2026/05/12,1,-,徒歩12分,456.0,所有権,60,-,無指定,-,-,-,-,-,-,専任,-,-,転載不可,現況渡し,アイエス宅建,053-434-6810,34.8495222,137.8550799
1316,売地,磐田市下野部1215-3,-,2026/05/12,0,1,バス停 大楽寺入口 停歩7分,586.0,所有権,60,-,無指定,-,-,-,-,-,-,専任,-,-,転載不可,現況渡し,アイエス宅建,053-434-6810,34.8495222,137.8550799
1317,売地,磐田市下野部377-2,-,2026/05/12,0,1,徒歩12分,697.0,所有権,60,-,無指定,-,-,-,-,-,-,専任,-,-,転載不可,現況渡し,アイエス宅建,053-434-6810,34.8495222,137.8550799
1318,売地,磐田市下太,-,2026/05/23,92,7.92,-,827.0,所有権,60,-,1種住居,-,-,-,-,-,-,一般,-,-,要確認,更地渡し,(株)マストレ,053-448-5656,34.6863144,137.8742284
1319,売地,磐田市白羽236-4,-,2026/05/25,4,-,-,342.0,所有権,60,-,2種中高,-,-,-,-,-,-,専任,-,-,転載可,更地渡し,(株)不動産Labo.,0538-33-6118,34.6727428,137.8015048
1320,売地,磐田市白羽,-,2026/04/17,1980,6.66,バス停 竜洋西小学校 停歩4分,983.47,所有権,60,-,2種中高,-,-,-,-,-,-,専任,-,-,転載不可,現況渡し,あららぎ不動産(株),053-464-5557,34.6724417,137.8038454
1321,売地,磐田市新開143番4 外4筆,-,2026/06/01,900,6.07,徒歩4分,490.3,所有権,50,-,無指定,-,-,-,-,-,-,一般,-,-,転載不可,更地渡し,ICOI不動産事業部,0539-62-9200,34.8371829,137.8396071
1322,売地,磐田市清庵新田120,-,2026/05/19,600,2.03,-,980.8,所有権,-,-,-,-,-,-,-,-,-,売主,-,-,転載可,現況渡し,(株)太陽堂,053-443-8857,34.6706504,137.8541246
1323,売地,磐田市高木832-9,-,2026/04/27,9800,12.92,東海道本線 豊田町 徒歩21分,2507.76,所有権,-,-,-,-,-,-,-,-,-,専属専任,-,-,転載不可,現況渡し,(株)Earnest,053-544-7344,34.6999577,137.8168228
1324,売地,磐田市飛平松65-1,-,2026/06/03,980,7.44,東海道本線 豊田町 徒歩71分,435.68,所有権,50,-,無指定,-,-,-,-,-,-,一般,-,-,転載不可,更地渡し,(株)木内不動産,0538-33-9030,34.6708261,137.8295677
1325,売地,磐田市富丘,-,2026/05/12,1200,6.49,東海道本線 磐田 徒歩37分,612.0,所有権,50,-,無指定,-,-,-,-,-,-,一般,-,-,転載不可,更地渡し,浜松損害保険サービス(株),053-459-4180,34.7356614,137.8414949
1326,売地,磐田市富丘816,-,2026/04/28,4218,14.01,バス停 遠鉄バス「宝新道」停 停歩2分,995.89,所有権,60,-,無指定,-,-,-,-,-,-,媒介,-,-,転載可,更地渡し,(株)ヤマセ不動産,053-474-2188,34.7365549,137.8450142
1327,売地,磐田市豊岡6812-2,-,2026/03/22,88,9.88,-,435.2,所有権,60,-,1種住居,-,-,-,-,-,-,専任,-,-,転載不可,現況渡し,(株)アース,054-270-3303,34.67637560000001,137.8156753
1328,売地,磐田市豊岡6816-3,-,2026/05/20,1460,8,東海道本線 豊田町 徒歩59分,603.59,所有権,60,-,1種住居,-,-,-,-,-,-,一般,-,-,転載不可,現況渡し,浜松損害保険サービス(株),053-459-4180,34.676986,137.8153214
1329,売地,磐田市豊岡,-,2026/04/13,1480,11.53,バス停 竜洋支所 停歩2分,424.54,所有権,60,-,1種住居,-,-,-,-,-,-,専任,-,-,転載不可,現況渡し,あららぎ不動産(株),053-464-5557,34.6857988,137.8044624
1330,売地,磐田市豊岡6812-2,-,2026/04/04,1600,12.16,-,435.2,所有権,60,-,1種住居,-,-,-,-,-,-,専任,-,-,転載不可,更地渡し,浜松東店,053-467-6700,34.67637560000001,137.8156753
1331,売地,磐田市豊岡5002-1の一部、5002-2、6771,-,2026/04/18,1750,9.02,東海道本線 豊田町 徒歩6 3分,641.48,所有権,60,-,1種住居,-,-,-,-,-,-,媒介,-,-,転載可,更地渡し,RBS(有),053-443-8578,34.6759133,137.8135592
1332,売地,磐田市豊岡西堀1009,-,2026/05/19,152,0.81,バス停 竜洋変電所北 停歩15分,627.0,所有権,-,-,無指定,-,-,-,-,-,-,専属専任,-,-,転載不可,現況渡し,(有)祥行開発,053-596-1811,34.6966624,137.8031046
1333,売地,磐田市豊岡西堀1012番 外2筆,-,2026/03/24,415,1,バス停 竜洋変電所北停 停歩15分,1373.0,所有権,-,-,無指定,-,-,-,-,-,-,専任,-,-,転載不可,相談,(有)祥行開発,053-596-1811,34.6966624,137.8031046
1334,売地,磐田市豊岡西堀946番外3筆,-,2026/03/23,452,0.55,バス停 竜洋変電所北停 停歩15分,2718.0,所有権,-,-,無指定,-,-,-,-,-,-,専任,-,-,転載不可,現況渡し,(有)祥行開発,053-596-1811,34.6966624,137.8031046
1335,売地,磐田市豊岡西堀891番1の内,-,2026/05/25,666,5.19,バス停 竜洋変電所北停 停歩15分,425.0,所有権,60,-,無指定,-,-,-,-,-,-,専属専任,-,-,転載不可,更地渡し,(有)祥行開発,053-596-1811,34.6857988,137.8044624
1336,売地,磐田市豊岡西堀1009番 外8筆,-,2026/03/23,55,0.55,バス停 竜洋変電所北停 停歩15分,6172.0,所有権,-,-,無指定,-,-,-,-,-,-,専任,-,-,転載不可,現況渡し,(有)祥行開発,053-596-1811,34.6966624,137.8031046
1337,売地,磐田市豊岡西堀891番1,-,2026/03/23,2780,5.7,バス停 竜洋変電所北停 停歩15分,1612.57,所有権,60,-,無指定,-,-,-,-,-,-,専任,-,-,転載不可,更地渡し,(有)祥行開発,053-596-1811,34.6857988,137.8044624
1338,売地,磐田市豊田8-1,-,2026/05/01,0,6,-,560.65,所有権,60,-,-,-,-,-,-,-,-,媒介,-,-,転載不可,現況渡し,(有)富士見不動産,0538-34-9231,34.7468627,137.8350272
1339,売地,磐田市豊浜637‐1、637-2,-,2026/05/15,580,3.01,バス停 豊浜 徒歩13分,638.01,所有権,60,-,-,-,-,-,-,-,-,一般,-,-,転載不可,現況渡し,第一伊藤建設(株),053-457-1181,34.6781946,137.903565
1340,売地,磐田市中平松413-5他,-,2026/04/09,500,4.77,バス停 磐田市バス【中平松東】 停歩2分,346.89,所有権,60,-,-,-,-,-,-,-,-,専任,-,-,転載不可,更地渡し,(株)クレイドル,053-424-9966,34.6744275,137.8252957
1341,売地,磐田市平間１５０２番、１５０３番,-,2026/05/27,980,9.65,バス停 あおば団地 停歩2分,336.0,所有権,60,-,1種住居,-,-,-,-,-,-,専任,-,-,転載不可,現況渡し,磐田店,0538-31-7070,34.6864785,137.8168037
1342,売地,磐田市平松493-1、519-2,-,2026/06/01,1000,3.82,-,866.93,所有権,50,-,無指定,-,-,-,-,-,-,一般,-,-,転載不可,更地渡し,ICOI不動産事業部,0539-62-9200,34.8044523,137.846636
1343,売地,磐田市福田,-,2026/06/01,290,2.12,バス停 新道 停歩14分,453.0,所有権,60,-,1種住居,-,-,-,-,-,-,専任,-,-,転載不可,相談,あららぎ不動産(株),053-464-5557,34.6693172,137.8850309
1344,売地,"磐田市福田4420-1,4420-2",-,2026/05/16,440,3.5,バス停 遠鉄バス・前島バス停 停歩5分,415.69,所有権,60,-,準工業,-,-,-,-,-,-,専任,-,-,転載不可,更地渡し,アースデイ不動産,053-441-2103,34.6744018,137.8793278
1345,売地,磐田市福田３７２８－１、２、４、５、７,-,2026/05/20,51,4.51,バス停 港町公民館 停歩4分,421.6,所有権,60,-,1種住居,-,-,-,-,-,-,専任,-,-,転載不可,現況渡し,磐田店,0538-31-7070,34.6735852,137.8864455
1346,売地,磐田市福田5489-53,-,2026/05/23,13,2.13,-,901.34,所有権,60,-,1種住居,-,-,-,-,-,-,媒介,-,-,転載不可,更地渡し,浜松駅南店,053-453-3731,34.6668615,137.8798199
1347,売地,磐田市福田,-,2026/06/03,750,7.46,-,332.5,所有権,60,-,1種住居,-,-,-,-,-,-,専任,-,-,要確認,更地渡し,(株)トダックス,0537-26-2161,34.6693172,137.8850309
1348,売地,磐田市福田,-,2026/04/27,5,-,-,534.0,所有権,60,-,1種住居,-,-,-,-,-,-,売主,-,-,転載不可,現況渡し,(株)Earnest,053-544-7344,34.6693172,137.8850309
1349,売地,磐田市福田,-,2026/05/27,832,7,東海道本線 御厨 徒歩4 9分,393.0,所有権,60,-,1種住居,-,-,-,-,-,-,一般,-,-,転載不可,更地渡し,(株)橘不動産,053-401-3303,34.6693172,137.8850309
1350,売地,磐田市福田302番,-,2026/05/28,950,2.98,東海道本線 御厨 徒歩52分,1054.0,所有権,60,-,無指定,-,-,-,-,-,-,一般,-,-,転載不可,現況渡し,浜松損害保険サービス(株),053-459-4180,34.6693172,137.8850309
1351,売地,磐田市福田,-,2026/05/19,2600,7.99,東海道本線 御厨 徒歩55分,1077.0,所有権,60,-,1種住居,-,-,-,-,-,-,一般,-,-,転載不可,現況渡し,浜松損害保険サービス(株),053-459-4180,34.6693172,137.8850309
1352,売地,磐田市福田１１６１－１,-,2026/05/07,3000,5.19,バス停 天竜社前 停歩3分,1912.95,所有権,60,-,1種住居,-,-,-,-,-,-,一般,-,-,転載不可,現況渡し,(有)北伸土地,053-438-1200,34.6794035,137.8779625
1353,売地,磐田市福田中島381,-,2026/06/01,4,-,-,331.0,所有権,60,-,無指定,-,-,-,-,-,-,一般,-,-,要確認,現況渡し,(株)リンク,053-443-7067,34.6789273,137.8681848
1354,売地,磐田市福田中島637-1,-,2026/06/03,500,1.7,-,973.0,所有権,60,-,1種住居,-,-,-,-,-,-,一般,-,-,転載不可,現況渡し,(株)木内不動産,0538-33-9030,34.6736592,137.8699039
1355,売地,磐田市福田中島466-1、466-2、469-1、470-3,-,2026/05/02,618,3,バス停 庄内新田 停歩10分,681.23,所有権,-,-,-,-,-,-,-,-,-,一般,-,-,転載不可,現況渡し,第一伊藤建設(株),053-457-1181,34.6814525,137.8688375
1356,売地,磐田市福田中島3639-4外2筆の一部,-,2026/03/30,700,7,バス停 福田公園 停歩2分,330.58,所有権,60,-,1種住居,-,-,-,-,-,-,専任,-,-,転載不可,現況渡し,アイエス宅建,053-434-6810,34.6736592,137.8699039
1357,売地,磐田市福田中島,-,2026/05/27,52,6.52,-,357.85,所有権,60,-,1種住居,-,-,-,-,-,-,売主,-,-,転載不可,現況渡し,(株)Earnest,053-544-7344,34.6736592,137.8699039
1358,売地,磐田市福田中島８０，８１,-,2026/05/09,999,7.28,バス停 中島東（静岡県） 停歩2分,453.92,所有権,50,-,無指定,-,-,-,-,-,-,専任,-,-,転載不可,更地渡し,磐田店,0538-31-7070,34.6736592,137.8699039
1359,売地,磐田市福田中島568,-,2026/04/10,0,9,-,423.0,所有権,60,-,無指定,-,-,-,-,-,-,媒介,-,-,要確認,更地渡し,(株)カーム,053-457-3332,34.6792666,137.8708862
1360,売地,磐田市三家,-,2026/04/13,0,5,徒歩6 0分,378.0,所有権,-,-,-,-,-,-,-,-,-,媒介,-,-,転載不可,現況渡し,こみき不動産,053-421-5521,34.8117422,137.8303825
1361,売地,磐田市南島３８番１，３９番，３７番２,-,2026/05/12,880,3.25,東海道本線 御厨 徒歩4 3分,897.19,所有権,60,-,無指定,-,-,-,-,-,-,専任,-,-,転載不可,相談,磐田店,0538-31-7070,34.6896663,137.8834962
1362,売地,磐田市森本1224-3の一部,-,2026/05/20,3850,7,-,1819.33,所有権,50,-,無指定,-,-,-,-,-,-,一般,-,-,転載不可,現況渡し,(有)ダイア不動産,0538-37-3791,34.7147381,137.8125032
1363,売地,掛川市家代63,-,2026/06/01,900,7.21,徒歩23分,412.84,所有権,60,-,取引態様,-,-,-,-,-,-,専属専任,-,-,転載不可,現況渡し,不動産ショップあさい(株),0586-85-8851,34.7886627,137.9833831
1364,売地,掛川市家代32-1,-,2026/05/01,1965,13.31,徒歩19分,488.3,所有権,60,-,2種住居,-,-,-,-,-,-,一般,-,-,転載不可,現況渡し,(株)アセットクローバー,053-476-6001,34.7874986,137.9786307
1365,売地,掛川市家代32-1,-,2026/05/01,2035,13.31,徒歩19分,505.7,所有権,60,-,2種住居,-,-,-,-,-,-,一般,-,-,転載不可,現況渡し,(株)アセットクローバー,053-476-6001,34.7874986,137.9786307
1366,売地,掛川市家代32-1,-,2026/05/13,3700,12.31,徒歩19分,994.0,所有権,60,-,2種住居,-,-,-,-,-,-,一般,-,-,転載不可,現況渡し,(株)アセットクローバー,053-476-6001,34.7874986,137.9786307
1367,売地,掛川市板沢,-,2026/04/09,500,2.91,バス停 しずてつ掛川大東浜岡線 大谷 停歩6分,568.93,所有権,60,-,無指定,-,-,-,-,-,-,媒介,-,-,転載不可,現況渡し,(株)不動産ビレッジ,0537-21-6300,34.7548911,138.0277204
1368,売地,掛川市梅橋,-,2026/05/23,6500,5.08,東海道本線 愛野 徒歩17分,4236.0,所有権,60,-,無指定,-,-,-,-,-,-,専任,-,-,転載不可,更地渡し,(株)アーガス,0537-21-7777,34.7560749,137.9651226
1369,売地,掛川市大池,-,2026/05/25,6800,17.89,徒歩9分,1257.06,所有権,60,-,1種住居,-,-,-,-,-,-,一般,-,-,転載不可,相談,(株)アーガス,0537-21-7777,34.7760715,137.9935975
1370,売地,掛川市大多郎126-1,-,2026/04/05,850,7.5,-,375.12,所有権,60,-,1種中高,-,-,-,-,-,-,一般,-,-,転載可,現況渡し,ランドデザイン(株),0537-29-6585,34.78605090000001,138.0269261
1371,売地,掛川市各和,-,2026/05/13,300,2.59,徒歩23分,383.0,所有権,60,-,無指定,-,-,-,-,-,-,専任,-,-,転載不可,現況渡し,(株)アーガス,0537-21-7777,34.7751117,137.9589345
1372,売地,掛川市各和876,-,2026/03/22,870,7.78,東海道本線 愛野 徒歩24分,370.0,所有権,60,-,無指定,-,-,-,-,-,-,専任,-,-,転載不可,現況渡し,トダホームサービス(株),0537-23-6700,34.7643334,137.965725
1373,売地,掛川市上内田841-1、848-1,-,2026/05/23,1000,5.63,-,588.01,所有権,60,-,無指定,-,-,-,-,-,-,専任,-,-,転載不可,現況渡し,浜松東店,053-467-6700,34.7461452,138.042663
1374,売地,掛川市上内田18-4,-,2026/04/27,2800,6.87,東海道本線 掛川 徒歩4 7分,1348.0,所有権,60,-,-,-,-,-,-,-,-,専属専任,-,-,転載不可,現況渡し,(株)Earnest,053-544-7344,34.7488787,138.0481132
1375,売地,掛川市上西郷2950番1,-,2026/05/25,77,0.77,-,1080.99,所有権,60,-,無指定,-,-,-,-,-,-,専任,-,-,転載不可,現況渡し,ICOI不動産事業部,0539-62-9200,34.8089196,138.0073956
1376,売地,掛川市上西郷,-,2026/05/29,700,6.48,-,357.44,所有権,60,-,無指定,-,-,-,-,-,-,専任,-,-,転載不可,相談,(株)アーガス,0537-21-7777,34.7923626,138.0127594
1377,売地,掛川市上西郷433-5,-,2026/04/27,20000,23.94,徒歩28分,2762.17,所有権,60,-,2種住居,-,-,-,-,-,-,媒介,-,-,転載不可,現況渡し,(株)URE,0778-67-6051,34.7923626,138.0127594
1378,売地,掛川市葛川,-,2026/05/10,380,2.08,東海道本線 掛川 徒歩17分,606.0,所有権,60,-,1種中高,-,-,-,-,-,-,専任,-,-,転載不可,相談,(株)アーガス,0537-21-7777,34.7761551,138.0279375
1379,売地,掛川市五明,-,2026/05/09,600,3.65,-,544.46,所有権,60,-,無指定,-,-,-,-,-,-,専任,-,-,転載不可,相談,(株)アーガス,0537-21-7777,34.8055116,137.9985512
1380,売地,掛川市細田,-,2026/06/02,195,1.06,徒歩22分,613.91,所有権,60,-,準工業,-,-,-,-,-,-,専任,-,-,転載不可,相談,(株)アーガス,0537-21-7777,34.7725083,137.9824533
1381,売地,掛川市沢田,-,2026/06/02,490,1.16,徒歩18分,1398.0,所有権,60,-,準工業,-,-,-,-,-,-,専任,-,-,転載不可,相談,(株)アーガス,0537-21-7777,34.771249,137.9781201
1382,売地,掛川市下垂木1360-15,-,2026/05/02,24,7.24,-,493.61,所有権,60,-,無指定,-,-,-,-,-,-,専任,-,-,転載不可,更地渡し,浜松東店,053-467-6700,34.7918224,137.9851518
1383,売地,掛川市下垂木521-1の一部、520-3の一部,-,2026/05/12,1330,9.98,徒歩4 0分,440.57,所有権,60,-,無指定,-,-,-,-,-,-,媒介,-,-,転載不可,更地渡し,浜松東店,053-467-6700,34.7876715,137.9857685
1384,売地,掛川市下垂木1409-1,-,2026/04/06,2280,14.93,徒歩27分,504.89,所有権,70,-,無指定,-,-,-,-,-,-,媒介,-,-,転載不可,現況渡し,(株)エスコーポレーション,0537-64-7555,34.7901044,137.9844616
1385,売地,掛川市杉谷414-7,-,2026/05/12,900,6.31,東海道本線 掛川 徒歩33分,472.0,所有権,60,-,-,-,-,-,-,-,-,専任,-,-,転載不可,現況渡し,(株)丸久不動産,053-543-9000,34.7627164,138.0359681
1386,売地,掛川市薗ケ谷393,-,2026/05/19,95,9.95,-,551.76,所有権,60,-,無指定,-,-,-,-,-,-,一般,-,-,要確認,現況渡し,桂ハウステック(株),0537-23-8588,34.7840048,138.0454607
1387,売地,掛川市薗ケ谷1005-16,-,2026/05/28,2600,15.93,東海道本線 掛川 徒歩22分,539.82,所有権,60,-,1種中高,-,-,-,-,-,-,専属専任,-,-,転載不可,現況渡し,(株)Earnest,053-544-7344,34.7793857,138.0238502
1388,売地,掛川市満水,-,2026/03/31,520,2.43,バス停 沢渡橋 停歩3分,708.0,所有権,60,-,無指定,-,-,-,-,-,-,専任,-,-,転載不可,更地渡し,(株)アーガス,0537-21-7777,34.7719078,138.0543668
1389,売地,掛川市満水1435-5,-,2026/06/03,1500,5.29,-,938.56,所有権,60,-,-,-,-,-,-,-,-,一般,-,-,要確認,相談,(有)東海重機,053-926-3818,34.772087,138.0571674
1390,売地,掛川市満水,-,2026/04/27,8950,8.61,ＪＲ東海道新幹線 掛川 徒歩29分,3437.01,所有権,60,-,1種住居,-,-,-,-,-,-,専属専任,-,-,転載不可,現況渡し,(株)Earnest,053-544-7344,34.7719078,138.0543668
1391,売地,掛川市富部,-,2026/06/02,330,2.61,徒歩3分,419.0,所有権,60,-,工業地域,-,-,-,-,-,-,一般,-,-,転載不可,相談,(株)アーガス,0537-21-7777,34.7809559,137.9700737
1392,売地,掛川市富部,-,2026/03/29,1200,5.76,徒歩5分,689.51,所有権,60,-,1種中高,-,-,-,-,-,-,一般,-,-,転載不可,相談,(株)アーガス,0537-21-7777,34.7809559,137.9700737
1393,売地,掛川市富部111-1他１筆,-,2026/05/30,1300,2.99,-,1439.0,所有権,60,-,工業専用,-,-,-,-,-,-,専任,-,-,要確認,現況渡し,(有)サンケイ開発,0537-22-0366,34.7809559,137.9700737
1394,売地,掛川市富部745-1,-,2026/05/15,2300,10.01,徒歩5分,760.0,所有権,60,-,1種中高,-,-,-,-,-,-,専任,-,-,転載不可,現況渡し,(株)泰平不動産,0538-45-3766,34.7809559,137.9700737
1395,売地,掛川市成滝,-,2026/05/13,0,12,バス停 成滝 停歩3分,522.0,所有権,60,-,1種住居,-,-,-,-,-,-,一般,-,-,転載不可,現況渡し,(株)アーガス,0537-21-7777,34.7784893,138.034479
1396,売地,掛川市西山,-,2026/05/31,600,3.04,徒歩14分,653.35,所有権,60,-,無指定,-,-,-,-,-,-,専任,-,-,転載不可,相談,(株)アーガス,0537-21-7777,34.8079948,137.9477975
1397,売地,掛川市本郷,-,2026/04/24,530,4.46,徒歩9分,393.38,所有権,60,-,無指定,-,-,-,-,-,-,専任,-,-,要確認,現況渡し,(株)トダックス,0537-26-2161,34.8070079,137.9589345
1398,売地,掛川市本郷1449-10,-,2026/05/26,980,7.68,徒歩3分,422.14,所有権,60,-,無指定,-,-,-,-,-,-,一般,-,-,要確認,更地渡し,(株)金田工務店,0537-22-9883,34.8098636,137.9556279
1399,売地,掛川市本郷861-1,-,2026/03/22,3740,5.07,徒歩7分,2442.0,所有権,60,-,無指定,-,-,-,-,-,-,専任,-,-,転載可,現況渡し,トダホームサービス(株),0537-23-6700,34.8070079,137.9589345
1400,売地,掛川市緑ケ丘１丁目１３－１,-,2026/05/20,4780,25.05,東海道本線 掛川 徒歩10分,631.0,所有権,60,-,1種中高,-,-,-,-,-,-,専任,-,-,要確認,更地渡し,事業用不動産流通グループ,053-488-8811,34.7690974,138.0220938
1401,売地,掛川市宮脇,-,2026/03/29,700,3.73,バス停 成滝東 停歩10分,621.0,所有権,60,-,1種中高,-,-,-,-,-,-,一般,-,-,転載不可,現況渡し,(株)アーガス,0537-21-7777,34.7842856,138.0320005
1402,売地,掛川市宮脇1-1,-,2026/03/19,66,9.66,-,29.0,所有権,60,-,1種住居,-,-,-,-,-,-,専任,-,-,転載不可,-,沼津店,055-929-8857,34.7844574,138.036
1403,売地,掛川市宮脇1161-1,-,2026/04/25,1260,12.49,-,333.73,所有権,30,-,1種低層,-,-,-,-,-,-,売主,-,-,転載不可,更地渡し,(有)マイスター工房,0537-37-2811,34.7842856,138.0320005
1404,売地,掛川市宮脇1368,-,2026/03/21,16,-,-,351.87,所有権,70,-,1種住居,-,-,-,-,-,-,媒介,-,-,転載不可,現況渡し,(株)不動産ビレッジ,0537-21-6300,34.7842856,138.0320005
1405,売地,掛川市宮脇1181-1他８筆,-,2026/05/19,1,-,-,2933.33,所有権,60,-,無指定,-,-,-,-,-,-,媒介,-,-,転載不可,現況渡し,ジーティーシー,053-477-5900,34.7842856,138.0320005
1406,売地,掛川市八坂784,-,2026/05/22,1420,3,バス停 ことのまま八幡宮 停歩4分,1568.0,所有権,60,-,無指定,-,-,-,-,-,-,媒介,-,-,転載不可,相談,小桜不動産(株),0547-32-0337,34.7974258,138.0774398
1407,売地,掛川市谷の口町74,-,2026/04/27,74,7.74,-,940.58,所有権,50,-,1種低層,-,-,-,-,-,-,媒介,-,-,転載不可,相談,(株)不動産ビレッジ,0537-21-6300,34.7842762,138.0137247
1408,売地,掛川市吉岡1139-1,-,2026/05/30,640,5.75,-,367.98,所有権,60,-,無指定,-,-,-,-,-,-,売主,-,-,転載不可,更地渡し,(有)サンケイ開発,0537-22-0366,34.793712,137.9490349
1409,売地,掛川市吉岡,-,2026/06/03,787,6.17,徒歩25分,422.31,所有権,60,-,無指定,-,-,-,-,-,-,一般,-,-,転載不可,相談,(株)アーガス,0537-21-7777,34.793712,137.9490349
1410,売地,"掛川市領家734-1,741-1,742-1,742-2",-,2026/03/24,18500,12.14,-,5041.0,所有権,60,-,無指定,-,-,-,-,-,-,専属専任,-,-,転載不可,現況渡し,(株)Earnest,053-544-7344,34.7648142,137.9750252
1411,売地,掛川市旭ケ丘２丁目1番2,-,2026/06/03,11,-,-,399.68,所有権,60,-,1種中高,-,-,-,-,-,-,媒介,-,-,要確認,相談,(株)金田組,0537-22-7158,40.5815937,140.4603053
1412,売地,掛川市久保１丁目1-66-2、,-,2026/04/24,5300,23.81,-,736.0,所有権,60,-,2種中高,-,-,-,-,-,-,媒介,-,-,転載可,現況渡し,駅南センターアーバンクリエイト,0537-21-5588,34.7677925,138.007918
1413,売地,掛川市二瀬川1403-1、1403-3、1238-5,-,2026/05/27,800,6.42,徒歩15分,412.0,所有権,50,-,1種低層,-,-,-,-,-,-,媒介,-,-,転載可,更地渡し,(株)川島組,0537-61-1717,34.7766181,138.0016474
1414,売地,掛川市二瀬川１２１０,-,2026/05/26,3980,7.71,バス停 二瀬川東 停歩5分,1706.98,所有権,60,-,準工業,-,-,-,-,-,-,一般,-,-,転載不可,相談,掛川店・掛川住宅プラザ,0537-23-5103,34.7766181,138.0016474
1415,売地,掛川市二瀬川1209,-,2026/05/14,3980,7.97,徒歩10分,1652.87,所有権,60,-,準工業,-,-,-,-,-,-,一般,-,-,転載不可,現況渡し,浜松損害保険サービス(株),053-459-4180,34.7766181,138.0016474
1416,売地,掛川市大坂５７６５－１,-,2026/05/27,480,5.3,バス停 中川原（静岡県） 停歩10分,1521.73,所有権,60,-,無指定,-,-,-,-,-,-,専任,-,-,転載不可,更地渡し,掛川店・掛川住宅プラザ,0537-23-5103,34.67737049999999,138.0492034
1417,売地,掛川市大坂6708-3,-,2026/03/17,680,5.65,バス停 新川 停歩3分,397.88,所有権,60,-,無指定,-,-,-,-,-,-,媒介,-,-,要確認,現況渡し,(株)カーム,053-457-3332,34.6763059,138.0507602
1418,売地,掛川市大坂6249-1,-,2026/05/28,99,5.99,-,485.81,所有権,60,-,無指定,-,-,-,-,-,-,一般,-,-,転載不可,現況渡し,掛川支社,0537-25-7211,34.6726971,138.0534076
1419,売地,掛川市大坂5752番地,-,2026/04/09,110,5.98,-,609.0,所有権,60,-,-,-,-,-,-,-,-,媒介,-,-,転載可,相談,駅南センターアーバンクリエイト,0537-21-5588,34.6698829,138.0454266
